clave,corte,semana,precio,desde,semanas,pct_mas_barato,ficha_pct,percentil_catalogo,top5,mes,anios_mes,debajo_mes,zona_mes,variacion_anual,semana_anio_antes,max_10_anios,semana_max_10_anios,margen_max_10,maximo_10_anios,se_afirma_maximo,ultima_igual_o_mayor,margen_toda_la_serie
abastero,Abastero,2026-09-28,10675,2008-12-15,929,98.28,98,98,1,9,10,10,CARO,3.8,2025-09-29,11051,2026-08-17,-3.4,0,0,2026-09-21,-3.4
asado_carnicero,Asado carnicero,2026-09-28,10617,2008-08-11,947,99.58,99,99,1,9,10,10,CARO,4.8,2025-09-29,10740,2026-08-31,-1.15,0,0,2026-08-31,-1.15
asado_de_tira,Asado de tira,2026-09-28,12922,2015-12-14,564,84.4,84,84,0,9,10,8,CARO,5.9,2025-09-29,15079,2026-03-30,-14.3,0,0,2026-09-21,-14.3
asiento,Asiento,2026-09-28,14220,2008-08-11,947,95.14,95,95,1,9,10,10,CARO,6.2,2025-09-29,14837,2026-06-29,-4.16,0,0,2026-09-21,-4.16
choclillo,Choclillo,2026-09-28,11762,2015-09-28,575,99.13,99,99,1,9,10,10,CARO,10.6,2025-09-29,11949,2026-08-31,-1.56,0,0,2026-08-31,-1.56
estomaguillo_(tapabarriga),Estomaguillo (Tapabarriga),2026-09-28,12294,2015-09-28,575,99.3,99,99,1,9,10,10,CARO,1.9,2025-09-29,12343,2026-01-05,-0.4,0,0,2026-02-02,-0.4
filete,Filete,2026-09-28,18570,2012-12-31,718,83.43,83,83,0,9,10,8,CARO,-0.2,2025-09-29,20485,2022-01-17,-9.35,0,0,2026-09-21,-9.35
ganso,Ganso,2026-09-28,10534,2015-09-28,575,94.78,94,94,0,9,10,10,CARO,3.5,2025-09-29,11172,2025-08-25,-5.71,0,0,2026-09-21,-5.71
huachalomo,Huachalomo,2026-09-28,10444,2008-09-01,856,97.08,97,97,1,9,10,10,CARO,2.9,2025-09-29,10741,2026-02-16,-2.77,0,0,2026-09-21,-2.77
lomo_liso,Lomo Liso,2026-09-28,16683,2008-08-11,947,97.57,97,97,1,9,10,10,CARO,7.8,2025-09-29,16999,2026-01-26,-1.86,0,0,2026-09-21,-1.86
lomo_vetado,Lomo Vetado,2026-09-28,17327,2008-08-11,947,95.56,95,95,1,9,10,9,CARO,0.5,2025-09-29,17867,2021-10-04,-3.02,0,0,2026-09-21,-3.02
malaya,Malaya,2026-09-28,10056,2015-12-14,564,91.49,91,91,0,9,10,10,CARO,-4.0,2025-09-29,11110,2026-03-30,-9.49,0,0,2026-09-21,-9.49
osobuco,Osobuco,2026-09-28,11486,2014-08-25,632,98.1,98,98,1,9,10,10,CARO,5.2,2025-09-29,11761,2026-08-31,-2.34,0,0,2026-09-21,-2.34
palanca,Palanca,2026-09-28,14257,2015-12-14,564,95.39,95,95,1,9,10,10,CARO,2.6,2025-09-29,14900,2022-08-29,-4.32,0,0,2026-09-21,-4.32
plateada,Plateada,2026-09-28,11063,2014-08-25,632,95.41,95,95,1,9,10,10,CARO,5.2,2025-09-29,11538,2026-01-26,-4.12,0,0,2026-09-21,-4.12
pollo_ganso,Pollo Ganso,2026-09-28,11971,2010-01-25,779,92.04,92,92,0,9,10,9,CARO,7.6,2025-09-29,12699,2026-02-23,-5.73,0,0,2026-09-21,-5.73
posta_negra,Posta Negra,2026-09-28,11852,2008-08-11,946,94.71,94,94,0,9,10,10,CARO,3.9,2025-09-29,12506,2026-08-31,-5.23,0,0,2026-09-21,-5.23
posta_paleta,Posta Paleta,2026-09-28,11444,2008-09-01,852,99.06,99,99,1,9,10,10,CARO,6.2,2025-09-29,11726,2026-08-31,-2.4,0,0,2026-09-21,-2.4
posta_rosada,Posta Rosada,2026-09-28,12400,2008-08-11,857,98.83,98,98,1,9,10,10,CARO,10.4,2025-09-29,12492,2026-08-31,-0.74,0,0,2026-09-21,-0.74
punta_de_ganso,Punta de Ganso,2026-09-28,15891,2015-12-07,565,99.29,99,99,1,9,10,10,CARO,5.0,2025-09-29,16220,2026-09-07,-2.03,0,0,2026-09-07,-2.03
punta_paleta,Punta paleta,2026-09-28,11549,2015-09-28,575,98.61,98,98,1,9,10,10,CARO,6.2,2025-09-29,11845,2026-08-10,-2.5,0,0,2026-09-07,-2.5
punta_picana,Punta picana,2026-09-28,14058,2015-09-28,575,98.26,98,98,1,9,10,10,CARO,4.7,2025-09-29,14369,2026-02-23,-2.16,0,0,2026-09-21,-2.16
sobrecostilla,Sobrecostilla,2026-09-28,10557,2008-09-01,944,99.47,99,99,1,9,10,10,CARO,6.3,2025-09-29,10663,2026-08-17,-0.99,0,0,2026-08-31,-0.99
tapapecho,Tapapecho,2026-09-28,10202,2010-01-25,861,99.54,99,99,1,9,10,10,CARO,5.1,2025-09-29,10586,2026-08-24,-3.63,0,0,2026-08-31,-3.63
