mes,factor_sitio,var12_sitio,var12_empalme_bcch,factor_empalme_ine,factor_ine_por_bases,dif_empalme_ine_pct,dif_ine_por_bases_pct
2008-05,1.990163,,8.8,,,,
2008-06,1.960809,,9.4,,,,
2008-07,1.938857,,9.4,,,,
2008-08,1.921045,,9.3,,,,
2008-09,1.900692,,9.2,,,,
2008-10,1.884438,,9.8,,,,
2008-11,1.886417,,8.9,,,,
2008-12,1.909197,,7.1,,,,
2009-01,1.923722,,6.3,,,,
2009-02,1.948964,,4.5,,,,
2009-03,1.948297,,3.7,,,,
2009-04,1.951084,,3.2,,,,
2009-05,1.955241,1.786,1.8,,,,
2009-06,1.948662,0.623,0.6,,,,
2009-07,1.957297,-0.942,-0.9,,,,
2009-08,1.966352,-2.304,-2.3,,,,
2009-09,1.944219,-2.239,-2.2,,,,
2009-10,1.944528,-3.09,-3.1,,,,
2009-11,1.952217,-3.371,-3.4,,,,
2009-12,1.959544,-2.569,-2.6,1.982028,,-1.1344,
2010-01,1.949103,-1.302,-1.3,1.971706,,-1.1464,
2010-02,1.943917,0.26,0.3,1.966245,,-1.1356,
2010-03,1.942282,0.31,0.3,1.964545,,-1.1333,
2010-04,1.933333,0.918,0.9,1.955414,,-1.1292,
2010-05,1.9266,1.487,1.5,1.94837,,-1.1174,
2010-06,1.92645,1.153,1.2,1.94837,,-1.125,
2010-07,1.914108,2.256,2.3,1.936083,,-1.135,
2010-08,1.915935,2.631,2.6,1.937735,,-1.125,
2010-09,1.908388,1.878,1.9,1.930161,,-1.1281,
2010-10,1.906524,1.993,2.0,1.928196,,-1.1239,
2010-11,1.905108,2.473,2.5,1.926887,,-1.1303,
2010-12,1.902859,2.979,3.0,1.924602,,-1.1297,
2011-01,1.897706,2.708,2.7,1.919398,,-1.1302,
2011-02,1.893284,2.674,2.7,1.915191,,-1.1439,
2011-03,1.87911,3.362,3.4,1.900452,,-1.123,
2011-04,1.873183,3.211,3.2,1.89443,,-1.1215,
2011-05,1.865696,3.264,3.3,1.886877,,-1.1226,
2011-06,1.862489,3.434,3.4,1.883748,,-1.1286,
2011-07,1.860128,2.902,2.9,1.881252,,-1.1229,
2011-08,1.857033,3.172,3.2,1.878452,,-1.1402,
2011-09,1.847986,3.269,3.3,1.868871,,-1.1176,
2011-10,1.838957,3.674,3.7,1.859997,,-1.1312,
2011-11,1.833157,3.925,3.9,1.854228,,-1.1364,
2011-12,1.822145,4.43,4.4,1.842797,,-1.1207,
2012-01,1.820417,4.246,4.2,1.841303,,-1.1343,
2012-02,1.813365,4.407,4.4,1.834168,,-1.1342,
2012-03,1.810676,3.779,3.8,1.831211,,-1.1214,
2012-04,1.809531,3.518,3.5,1.830325,,-1.1361,
2012-05,1.808915,3.139,3.1,1.829736,,-1.1379,
2012-06,1.814526,2.643,2.7,1.835057,,-1.1188,
2012-07,1.814484,2.516,2.5,1.835353,,-1.1371,
2012-08,1.810435,2.574,2.6,1.831211,,-1.1345,
2012-09,1.79669,2.855,2.8,1.81744,,-1.1417,
2012-10,1.786725,2.923,2.9,1.807319,,-1.1395,
2012-11,1.794927,2.13,2.1,1.815407,,-1.1281,
2012-12,1.795245,1.498,1.5,1.815987,,-1.1422,
2013-01,1.792148,1.577,1.6,1.81251,,-1.1234,
2013-02,1.78996,1.308,1.3,1.810488,,-1.1338,
2013-03,1.780042,1.721,1.7,1.803588,,-1.3055,
2013-04,1.78328,1.472,1.5,1.812221,,-1.597,
2013-05,1.784266,1.381,1.4,1.81251,,-1.5583,
2013-06,1.776127,2.162,2.2,1.801015,,-1.3819,
2013-07,1.775244,2.21,2.2,1.796173,,-1.1652,
2013-08,1.77008,2.28,2.3,1.791923,,-1.219,
2013-09,1.761458,2.0,2.0,1.782363,,-1.1729,
2013-10,1.756308,1.732,1.7,1.77985,,-1.3227,
2013-11,1.75201,2.45,2.4,1.773181,,-1.194,
2013-12,1.745894,2.827,2.8,1.762725,,-0.9548,
2014-01,1.742916,2.825,2.8,1.759449,,-0.9396,
2014-02,1.73414,3.219,3.2,1.751041,,-0.9652,
2014-03,1.719824,3.501,3.5,1.736585,,-0.9652,
2014-04,1.709265,4.33,4.3,1.725767,,-0.9562,
2014-05,1.703494,4.742,4.7,1.720018,,-0.9607,
2014-06,1.702632,4.317,4.3,1.718977,,-0.9509,
2014-07,1.698724,4.505,4.5,1.715084,,-0.9539,
2014-08,1.693202,4.54,4.5,1.709663,,-0.9628,
2014-09,1.679085,4.906,4.9,1.695373,,-0.9607,
2014-10,1.661757,5.69,5.7,1.677843,,-0.9588,
2014-11,1.661445,5.451,5.5,1.677596,,-0.9627,
2014-12,1.668312,4.65,4.6,1.684562,,-0.9646,
2015-01,1.666979,4.555,4.5,1.683064,,-0.9557,
2015-02,1.661152,4.394,4.4,1.677348,,-0.9656,
2015-03,1.650735,4.185,4.2,1.666764,,-0.9617,
2015-04,1.641325,4.139,4.1,1.65728,,-0.9628,
2015-05,1.638468,3.969,4.0,1.654384,,-0.9621,
2015-06,1.630558,4.42,4.4,1.646232,,-0.9521,
2015-07,1.623703,4.62,4.6,1.639342,,-0.954,
2015-08,1.612795,4.986,5.0,1.628297,,-0.952,
2015-09,1.604582,4.643,4.6,1.620168,,-0.962,
2015-10,1.598075,3.985,4.0,1.613494,,-0.9557,
2015-11,1.598507,3.937,3.9,1.613953,,-0.957,
2015-12,1.59834,4.378,4.4,1.613724,,-0.9533,
2016-01,1.590832,4.787,4.8,1.606193,,-0.9564,
2016-02,1.586451,4.709,4.7,1.60189,,-0.9638,
2016-03,1.580478,4.445,4.5,1.595813,,-0.961,
2016-04,1.575317,4.19,4.2,1.590451,,-0.9516,
2016-05,1.57179,4.242,4.2,1.586896,,-0.9519,
2016-06,1.564738,4.206,4.2,1.579833,,-0.9555,
2016-07,1.561007,4.016,4.0,1.576107,,-0.9581,
2016-08,1.560214,3.37,3.4,1.575232,,-0.9534,
2016-09,1.556438,3.093,3.1,1.571527,,-0.9602,
2016-10,1.553844,2.847,2.8,1.568923,,-0.9611,
2016-11,1.553019,2.929,2.9,1.568056,,-0.959,
2016-12,1.556195,2.708,2.7,1.57131,,-0.9619,
2017-01,1.547828,2.778,2.8,1.562878,,-0.963,
2017-02,1.544145,2.74,2.7,1.559017,,-0.9539,
2017-03,1.538254,2.745,2.7,1.553049,,-0.9526,
2017-04,1.534564,2.656,2.7,1.549448,,-0.9606,
2017-05,1.532622,2.556,2.6,1.547548,,-0.9645,
2017-06,1.53866,1.695,1.7,1.553474,,-0.9536,
2017-07,1.534952,1.697,1.7,1.54987,,-0.9625,
2017-08,1.531824,1.853,1.9,1.546705,,-0.9621,
2017-09,1.534169,1.452,1.5,1.549025,,-0.9591,
2017-10,1.525233,1.876,1.9,1.539995,,-0.9585,
2017-11,1.523908,1.91,1.9,1.538534,,-0.9507,
2017-12,1.521622,2.272,2.3,1.536453,,-0.9653,
2018-01,1.514643,2.191,2.2,1.52942,,-0.9661,
2018-02,1.513093,2.052,2.1,1.528596,,-1.0142,
2018-03,1.510056,1.867,1.9,1.525517,,-1.0135,
2018-04,1.506047,1.893,1.9,1.520616,,-0.9581,
2018-05,1.502131,2.03,2.0,1.516555,,-0.9511,
2018-06,1.500786,2.524,2.5,1.514937,,-0.9341,
2018-07,1.495898,2.611,2.6,1.509502,,-0.9012,
2018-08,1.49465,2.487,2.5,1.506898,,-0.8128,
2018-09,1.491632,2.852,2.8,1.501917,,-0.6848,
2018-10,1.485778,2.656,2.7,1.496377,,-0.7083,
2018-11,1.487029,2.48,2.5,1.496377,,-0.6247,
2018-12,1.489771,2.138,2.1,1.497956,1.498239,-0.5464,-0.5652
2019-01,1.488098,1.784,1.8,1.496377,1.496742,-0.5533,-0.5775
2019-02,1.48744,1.725,1.7,1.495589,1.496148,-0.5449,-0.582
2019-03,1.480417,2.002,2.0,1.488534,1.489057,-0.5453,-0.5802
2019-04,1.476532,1.999,2.0,1.484643,1.485097,-0.5463,-0.5767
2019-05,1.467674,2.348,2.3,1.47577,1.476229,-0.5486,-0.5795
2019-06,1.466948,2.307,2.3,1.475003,1.475506,-0.5461,-0.58
2019-07,1.463751,2.196,2.2,1.471754,1.472193,-0.5438,-0.5734
2019-08,1.46094,2.307,2.3,1.469089,1.469468,-0.5547,-0.5803
2019-09,1.460782,2.112,2.1,1.4689,1.469324,-0.5526,-0.5814
2019-10,1.449028,2.536,2.5,1.457029,1.457396,-0.5491,-0.5742
2019-11,1.447796,2.71,2.7,1.455722,1.45627,-0.5445,-0.5819
2019-12,1.446362,3.001,3.0,1.454417,1.454725,-0.5538,-0.5749
2020-01,1.438223,3.468,3.5,1.446085,1.44663,-0.5437,-0.5812
2020-02,1.431799,3.886,3.9,1.43967,1.440137,-0.5467,-0.579
2020-03,1.4271,3.736,3.7,1.434942,1.435339,-0.5465,-0.5741
2020-04,1.427676,3.422,3.4,1.435486,1.436023,-0.544,-0.5812
2020-05,1.428386,2.751,2.8,1.436212,1.436707,-0.5449,-0.5792
2020-06,1.429432,2.625,2.6,1.437302,1.437666,-0.5476,-0.5727
2020-07,1.428006,2.503,2.5,1.435849,1.436296,-0.5462,-0.5772
2020-08,1.426104,2.443,2.4,1.433855,1.434384,-0.5406,-0.5772
2020-09,1.417122,3.081,3.1,1.424862,1.4253,-0.5432,-0.5738
2020-10,1.407409,2.957,3.0,1.415099,1.415666,-0.5434,-0.5833
2020-11,1.409367,2.727,2.7,1.417041,1.417529,-0.5416,-0.5758
2020-12,1.404627,2.971,3.0,1.412284,1.412748,-0.5421,-0.5748
2021-01,1.394826,3.111,3.1,1.402519,1.402891,-0.5485,-0.5749
2021-02,1.392244,2.841,2.8,1.399926,1.400286,-0.5488,-0.5743
2021-03,1.386996,2.891,2.9,1.394598,1.395104,-0.5451,-0.5811
2021-04,1.381802,3.32,3.3,1.38948,1.389832,-0.5526,-0.5778
2021-05,1.378129,3.647,3.6,1.385751,1.386127,-0.55,-0.577
2021-06,1.37703,3.805,3.8,1.384569,1.384981,-0.5444,-0.5741
2021-07,1.36594,4.544,4.5,1.373519,1.373877,-0.5518,-0.5777
2021-08,1.361078,4.778,4.8,1.368554,1.369013,-0.5463,-0.5796
2021-09,1.345231,5.344,5.3,1.352584,1.353044,-0.5436,-0.5775
2021-10,1.32743,6.025,6.0,1.334783,1.335194,-0.5508,-0.5815
2021-11,1.320843,6.702,6.7,1.328072,1.328489,-0.5443,-0.5755
2021-12,1.310594,7.175,7.2,1.317749,1.318269,-0.543,-0.5822
2022-01,1.295047,7.705,7.7,1.30219,1.302555,-0.5485,-0.5764
2022-02,1.291292,7.818,7.8,1.298468,1.298852,-0.5527,-0.5821
2022-03,1.267803,9.402,9.4,1.274717,1.275129,-0.5424,-0.5745
2022-04,1.250296,10.518,10.5,1.257222,1.257583,-0.5509,-0.5795
2022-05,1.235499,11.544,11.5,1.242371,1.24266,-0.5531,-0.5762
2022-06,1.224095,12.494,12.5,1.230794,1.231195,-0.5443,-0.5767
2022-07,1.2075,13.121,13.1,1.214087,1.214536,-0.5425,-0.5793
2022-08,1.193035,14.085,14.1,1.199599,1.199942,-0.5472,-0.5757
2022-09,1.182816,13.731,13.7,1.1893,1.189718,-0.5452,-0.5802
2022-10,1.17674,12.806,12.8,1.183229,1.183555,-0.5485,-0.5758
2022-11,1.165357,13.342,13.3,1.171756,1.172147,-0.5461,-0.5793
2022-12,1.162071,12.781,12.8,1.168501,1.168786,-0.5503,-0.5745
2023-01,1.152796,12.34,12.3,1.159082,1.159529,-0.5423,-0.5807
2023-02,1.149739,12.312,12.3,1.15991,1.160243,-0.8769,-0.9053
2023-03,1.141469,11.068,11.1,1.147374,1.147791,-0.5146,-0.5508
2023-04,1.138469,9.823,9.8,1.143907,1.14422,-0.4754,-0.5026
2023-05,1.134831,8.871,8.9,1.142642,1.142919,-0.6836,-0.7077
2023-06,1.139729,7.402,7.4,1.144368,1.144654,-0.4054,-0.4303
2023-07,1.13836,6.074,6.1,1.140347,1.140671,-0.1743,-0.2026
2023-08,1.137028,4.926,4.9,1.139089,1.139379,-0.181,-0.2063
2023-09,1.129866,4.686,4.7,1.131487,1.131768,-0.1433,-0.1681
2023-10,1.126559,4.454,4.5,1.126438,1.126863,0.0107,-0.027
2023-11,1.11823,4.214,4.2,1.118122,1.118504,0.0097,-0.0245
2023-12,1.124134,3.375,3.4,1.124208,1.12451,-0.0066,-0.0334
2024-01,1.116678,3.234,3.2,1.116693,1.116693,-0.0014,-0.0014
2024-02,1.110134,3.568,3.6,1.110145,1.110145,-0.0009,-0.0009
2024-03,1.105959,3.211,3.2,1.106037,1.106037,-0.007,-0.007
2024-04,1.100151,3.483,3.5,1.100252,1.100252,-0.0091,-0.0091
2024-05,1.09727,3.423,3.4,1.097276,1.097276,-0.0005,-0.0005
2024-06,1.098249,3.777,3.8,1.098337,1.098337,-0.008,-0.008
2024-07,1.090209,4.417,4.4,1.09022,1.09022,-0.001,-0.001
2024-08,1.087428,4.561,4.6,1.087506,1.087506,-0.0072,-0.0072
2024-09,1.086487,3.993,4.0,1.08657,1.08657,-0.0076,-0.0076
2024-10,1.076025,4.696,4.7,1.07607,1.07607,-0.0042,-0.0042
2024-11,1.073312,4.185,4.2,1.073325,1.073325,-0.0012,-0.0012
2024-12,1.075448,4.527,4.5,1.075459,1.075459,-0.0011,-0.0011
2025-01,1.064082,4.943,4.9,1.064175,1.064175,-0.0087,-0.0087
2025-02,1.059931,4.736,4.7,1.060004,1.060004,-0.0068,-0.0068
2025-03,1.054643,4.866,4.9,1.054689,1.054689,-0.0044,-0.0044
2025-04,1.052605,4.517,4.5,1.052636,1.052636,-0.003,-0.003
2025-05,1.050498,4.452,4.5,1.050592,1.050592,-0.0089,-0.0089
2025-06,1.054863,4.113,4.1,1.054885,1.054885,-0.002,-0.002
2025-07,1.04569,4.257,4.3,1.045756,1.045756,-0.0063,-0.0063
2025-08,1.045307,4.03,4.0,1.045371,1.045371,-0.0062,-0.0062
2025-09,1.040707,4.399,4.4,1.040773,1.040773,-0.0063,-0.0063
2025-10,1.040256,3.439,3.4,1.040297,1.040297,-0.0039,-0.0039
2025-11,1.037557,3.446,3.4,1.037636,1.037636,-0.0076,-0.0076
2025-12,1.039562,3.452,3.5,1.03963,1.03963,-0.0065,-0.0065
2026-01,1.035298,2.78,2.8,1.035366,1.035366,-0.0066,-0.0066
2026-02,1.035405,2.369,2.4,1.03546,1.03546,-0.0054,-0.0054
2026-03,1.025581,2.834,2.8,1.025643,1.025643,-0.0061,-0.0061
2026-04,1.012583,3.952,4.0,1.012569,1.012569,0.0014,0.0014
2026-05,1.010815,3.926,3.9,1.010857,1.010857,-0.0042,-0.0042
2026-06,1.011044,4.334,4.3,1.011037,1.011037,0.0007,0.0007
2026-07,1.010117,3.522,3.5,1.010138,1.010138,-0.002,-0.002
2026-08,1.003866,4.128,4.1,1.003889,1.003889,-0.0023,-0.0023
2026-09,1.0,4.071,4.1,1.0,1.0,0.0,0.0
