prueba,corte,cifra,nota_de_prensa,fuente,ok,detalle
entrada,,indices.json de vacuno.py y de esta prueba,b73103d0639c1250244977d0698a462cc6207d3e6173f3b1884e6d6ac1f2e7f1,b73103d0639c1250244977d0698a462cc6207d3e6173f3b1884e6d6ac1f2e7f1,1,
ipc,,factor del último mes con IPC,1.0,1.0,1,
ipc,,"primer mes con factor del sitio, antes de la primera semana de vacuno",sí,sí,1,
odepa,Abastero,primera semana,2008-12-15,2008-12-15,1,
odepa,Abastero,semanas con precio en una serie y no en la otra,0,0,1,
odepa,Abastero,"semana a semana, dentro del redondeo del factor",todas,todas,1,784 de 929 semanas idénticas; diferencia máxima 2 pesos
odepa,Abastero,precio de esta semana: promedio simple de las filas de ODEPA,10675,10675,1,"11 filas, 11 puntos de venta, factor 1.000000"
odepa,Asado carnicero,primera semana,2008-08-11,2008-08-11,1,
odepa,Asado carnicero,semanas con precio en una serie y no en la otra,0,0,1,
odepa,Asado carnicero,"semana a semana, dentro del redondeo del factor",todas,todas,1,803 de 947 semanas idénticas; diferencia máxima 2 pesos
odepa,Asado carnicero,precio de esta semana: promedio simple de las filas de ODEPA,10617,10617,1,"11 filas, 11 puntos de venta, factor 1.000000"
odepa,Asado de tira,primera semana,2015-12-14,2015-12-14,1,
odepa,Asado de tira,semanas con precio en una serie y no en la otra,0,0,1,
odepa,Asado de tira,"semana a semana, dentro del redondeo del factor",todas,todas,1,520 de 564 semanas idénticas; diferencia máxima 1 pesos
odepa,Asado de tira,precio de esta semana: promedio simple de las filas de ODEPA,12922,12922,1,"5 filas, 5 puntos de venta, factor 1.000000"
odepa,Asiento,primera semana,2008-08-11,2008-08-11,1,
odepa,Asiento,semanas con precio en una serie y no en la otra,0,0,1,
odepa,Asiento,"semana a semana, dentro del redondeo del factor",todas,todas,1,771 de 947 semanas idénticas; diferencia máxima 2 pesos
odepa,Asiento,precio de esta semana: promedio simple de las filas de ODEPA,14220,14220,1,"11 filas, 11 puntos de venta, factor 1.000000"
odepa,Choclillo,primera semana,2015-09-28,2015-09-28,1,
odepa,Choclillo,semanas con precio en una serie y no en la otra,0,0,1,
odepa,Choclillo,"semana a semana, dentro del redondeo del factor",todas,todas,1,517 de 575 semanas idénticas; diferencia máxima 1 pesos
odepa,Choclillo,precio de esta semana: promedio simple de las filas de ODEPA,11762,11762,1,"11 filas, 11 puntos de venta, factor 1.000000"
odepa,Estomaguillo (Tapabarriga),primera semana,2015-09-28,2015-09-28,1,
odepa,Estomaguillo (Tapabarriga),semanas con precio en una serie y no en la otra,0,0,1,
odepa,Estomaguillo (Tapabarriga),"semana a semana, dentro del redondeo del factor",todas,todas,1,539 de 575 semanas idénticas; diferencia máxima 1 pesos
odepa,Estomaguillo (Tapabarriga),precio de esta semana: promedio simple de las filas de ODEPA,12294,12294,1,"10 filas, 10 puntos de venta, factor 1.000000"
odepa,Filete,primera semana,2012-12-31,2012-12-31,1,
odepa,Filete,semanas con precio en una serie y no en la otra,0,0,1,
odepa,Filete,"semana a semana, dentro del redondeo del factor",todas,todas,1,584 de 718 semanas idénticas; diferencia máxima 1 pesos
odepa,Filete,precio de esta semana: promedio simple de las filas de ODEPA,18570,18570,1,"11 filas, 11 puntos de venta, factor 1.000000"
odepa,Ganso,primera semana,2015-09-28,2015-09-28,1,
odepa,Ganso,semanas con precio en una serie y no en la otra,0,0,1,
odepa,Ganso,"semana a semana, dentro del redondeo del factor",todas,todas,1,531 de 575 semanas idénticas; diferencia máxima 1 pesos
odepa,Ganso,precio de esta semana: promedio simple de las filas de ODEPA,10534,10534,1,"10 filas, 10 puntos de venta, factor 1.000000"
odepa,Huachalomo,primera semana,2008-09-01,2008-09-01,1,
odepa,Huachalomo,semanas con precio en una serie y no en la otra,0,0,1,
odepa,Huachalomo,"semana a semana, dentro del redondeo del factor",todas,todas,1,733 de 856 semanas idénticas; diferencia máxima 1 pesos
odepa,Huachalomo,precio de esta semana: promedio simple de las filas de ODEPA,10444,10444,1,"11 filas, 11 puntos de venta, factor 1.000000"
odepa,Lomo Liso,primera semana,2008-08-11,2008-08-11,1,
odepa,Lomo Liso,semanas con precio en una serie y no en la otra,0,0,1,
odepa,Lomo Liso,"semana a semana, dentro del redondeo del factor",todas,todas,1,694 de 947 semanas idénticas; diferencia máxima 3 pesos
odepa,Lomo Liso,precio de esta semana: promedio simple de las filas de ODEPA,16683,16683,1,"11 filas, 11 puntos de venta, factor 1.000000"
odepa,Lomo Vetado,primera semana,2008-08-11,2008-08-11,1,
odepa,Lomo Vetado,semanas con precio en una serie y no en la otra,0,0,1,
odepa,Lomo Vetado,"semana a semana, dentro del redondeo del factor",todas,todas,1,727 de 947 semanas idénticas; diferencia máxima 3 pesos
odepa,Lomo Vetado,precio de esta semana: promedio simple de las filas de ODEPA,17327,17327,1,"11 filas, 11 puntos de venta, factor 1.000000"
odepa,Malaya,primera semana,2015-12-14,2015-12-14,1,
odepa,Malaya,semanas con precio en una serie y no en la otra,0,0,1,
odepa,Malaya,"semana a semana, dentro del redondeo del factor",todas,todas,1,523 de 564 semanas idénticas; diferencia máxima 1 pesos
odepa,Malaya,precio de esta semana: promedio simple de las filas de ODEPA,10056,10056,1,"8 filas, 8 puntos de venta, factor 1.000000"
odepa,Osobuco,primera semana,2014-08-25,2014-08-25,1,
odepa,Osobuco,semanas con precio en una serie y no en la otra,0,0,1,
odepa,Osobuco,"semana a semana, dentro del redondeo del factor",todas,todas,1,591 de 632 semanas idénticas; diferencia máxima 1 pesos
odepa,Osobuco,precio de esta semana: promedio simple de las filas de ODEPA,11486,11486,1,"4 filas, 4 puntos de venta, factor 1.000000"
odepa,Palanca,primera semana,2015-12-14,2015-12-14,1,
odepa,Palanca,semanas con precio en una serie y no en la otra,0,0,1,
odepa,Palanca,"semana a semana, dentro del redondeo del factor",todas,todas,1,523 de 564 semanas idénticas; diferencia máxima 1 pesos
odepa,Palanca,precio de esta semana: promedio simple de las filas de ODEPA,14257,14257,1,"10 filas, 10 puntos de venta, factor 1.000000"
odepa,Plateada,primera semana,2014-08-25,2014-08-25,1,
odepa,Plateada,semanas con precio en una serie y no en la otra,0,0,1,
odepa,Plateada,"semana a semana, dentro del redondeo del factor",todas,todas,1,589 de 632 semanas idénticas; diferencia máxima 1 pesos
odepa,Plateada,precio de esta semana: promedio simple de las filas de ODEPA,11063,11063,1,"11 filas, 11 puntos de venta, factor 1.000000"
odepa,Pollo Ganso,primera semana,2010-01-25,2010-01-25,1,
odepa,Pollo Ganso,semanas con precio en una serie y no en la otra,0,0,1,
odepa,Pollo Ganso,"semana a semana, dentro del redondeo del factor",todas,todas,1,690 de 779 semanas idénticas; diferencia máxima 1 pesos
odepa,Pollo Ganso,precio de esta semana: promedio simple de las filas de ODEPA,11971,11971,1,"11 filas, 11 puntos de venta, factor 1.000000"
odepa,Posta Negra,primera semana,2008-08-11,2008-08-11,1,
odepa,Posta Negra,semanas con precio en una serie y no en la otra,0,0,1,
odepa,Posta Negra,"semana a semana, dentro del redondeo del factor",todas,todas,1,769 de 946 semanas idénticas; diferencia máxima 2 pesos
odepa,Posta Negra,precio de esta semana: promedio simple de las filas de ODEPA,11852,11852,1,"11 filas, 11 puntos de venta, factor 1.000000"
odepa,Posta Paleta,primera semana,2008-09-01,2008-09-01,1,
odepa,Posta Paleta,semanas con precio en una serie y no en la otra,0,0,1,
odepa,Posta Paleta,"semana a semana, dentro del redondeo del factor",todas,todas,1,726 de 852 semanas idénticas; diferencia máxima 2 pesos
odepa,Posta Paleta,precio de esta semana: promedio simple de las filas de ODEPA,11444,11444,1,"11 filas, 11 puntos de venta, factor 1.000000"
odepa,Posta Rosada,primera semana,2008-08-11,2008-08-11,1,
odepa,Posta Rosada,semanas con precio en una serie y no en la otra,0,0,1,
odepa,Posta Rosada,"semana a semana, dentro del redondeo del factor",todas,todas,1,728 de 857 semanas idénticas; diferencia máxima 1 pesos
odepa,Posta Rosada,precio de esta semana: promedio simple de las filas de ODEPA,12400,12400,1,"11 filas, 11 puntos de venta, factor 1.000000"
odepa,Punta de Ganso,primera semana,2015-12-07,2015-12-07,1,
odepa,Punta de Ganso,semanas con precio en una serie y no en la otra,0,0,1,
odepa,Punta de Ganso,"semana a semana, dentro del redondeo del factor",todas,todas,1,513 de 565 semanas idénticas; diferencia máxima 1 pesos
odepa,Punta de Ganso,precio de esta semana: promedio simple de las filas de ODEPA,15891,15891,1,"10 filas, 10 puntos de venta, factor 1.000000"
odepa,Punta paleta,primera semana,2015-09-28,2015-09-28,1,
odepa,Punta paleta,semanas con precio en una serie y no en la otra,0,0,1,
odepa,Punta paleta,"semana a semana, dentro del redondeo del factor",todas,todas,1,534 de 575 semanas idénticas; diferencia máxima 1 pesos
odepa,Punta paleta,precio de esta semana: promedio simple de las filas de ODEPA,11549,11549,1,"11 filas, 11 puntos de venta, factor 1.000000"
odepa,Punta picana,primera semana,2015-09-28,2015-09-28,1,
odepa,Punta picana,semanas con precio en una serie y no en la otra,0,0,1,
odepa,Punta picana,"semana a semana, dentro del redondeo del factor",todas,todas,1,521 de 575 semanas idénticas; diferencia máxima 1 pesos
odepa,Punta picana,precio de esta semana: promedio simple de las filas de ODEPA,14058,14058,1,"10 filas, 10 puntos de venta, factor 1.000000"
odepa,Sobrecostilla,primera semana,2008-09-01,2008-09-01,1,
odepa,Sobrecostilla,semanas con precio en una serie y no en la otra,0,0,1,
odepa,Sobrecostilla,"semana a semana, dentro del redondeo del factor",todas,todas,1,809 de 944 semanas idénticas; diferencia máxima 2 pesos
odepa,Sobrecostilla,precio de esta semana: promedio simple de las filas de ODEPA,10557,10557,1,"11 filas, 11 puntos de venta, factor 1.000000"
odepa,Tapapecho,primera semana,2010-01-25,2010-01-25,1,
odepa,Tapapecho,semanas con precio en una serie y no en la otra,0,0,1,
odepa,Tapapecho,"semana a semana, dentro del redondeo del factor",todas,todas,1,771 de 861 semanas idénticas; diferencia máxima 2 pesos
odepa,Tapapecho,precio de esta semana: promedio simple de las filas de ODEPA,10202,10202,1,"11 filas, 11 puntos de venta, factor 1.000000"
ipc,,último mes con IPC,2026-08,2026-08,1,el sitio y el cuadro del Banco Central
ipc,,"variación a 12 meses del factor del sitio frente al empalme BCCh (G073.IPC.V12.2023.M), diferencia máxima en puntos","hasta 0,07","0,061",1,208 meses
ipc,,"desde enero de 2024, factor del sitio frente al empalme del INE, diferencia máxima (%)","hasta 0,01","0,0070",1,32 meses
ipc,,"antes de 2024, factor del sitio frente al empalme del INE, diferencia máxima (%)",,"1,60",1,otro método de empalme: va a la robustez
ipc,,"desde enero de 2024, factor del sitio frente al INE por bases, diferencia máxima (%)","hasta 0,01","0,0070",1,32 meses
ipc,,"antes de 2024, factor del sitio frente al INE por bases, diferencia máxima (%)",,"0,90",1,otro método de empalme: va a la robustez
odepa,,"A con el del sitio (empalme BCCh, indices.py)",20,20,1,"fuera: Asado de tira, Filete, Malaya, Pollo Ganso"
odepa,,"B con el del sitio (empalme BCCh, indices.py)",ninguno,ninguno,1,máximo por menos de 1%: ninguno
odepa,,"C con el del sitio (empalme BCCh, indices.py)","12922, 6.3","12922, 6.3",1,
odepa,,A con serie rehecha desde los CSV crudos de ODEPA,20,20,1,"fuera: Asado de tira, Filete, Malaya, Pollo Ganso"
odepa,,B con serie rehecha desde los CSV crudos de ODEPA,ninguno,ninguno,1,máximo por menos de 1%: ninguno
odepa,,C con serie rehecha desde los CSV crudos de ODEPA,"12922, 6.3","12922, 6.3",1,
robustez,,A con empalme del INE desde diciembre de 2009,20,19,1,"fuera: Asado de tira, Filete, Ganso, Malaya, Pollo Ganso"
robustez,,B con empalme del INE desde diciembre de 2009,ninguno,ninguno,1,máximo por menos de 1%: ninguno
robustez,,C con empalme del INE desde diciembre de 2009,"12922, 6.3","12922, 6.3",1,
robustez,,"A con IPC del INE por bases desde 2019, empalme del INE antes",20,19,1,"fuera: Asado de tira, Filete, Ganso, Malaya, Pollo Ganso"
robustez,,"B con IPC del INE por bases desde 2019, empalme del INE antes",ninguno,ninguno,1,máximo por menos de 1%: ninguno
robustez,,"C con IPC del INE por bases desde 2019, empalme del INE antes","12922, 6.3","12922, 6.3",1,
robustez,,"A con IPC de septiembre de 0,5%",20,18,1,"fuera: Asado de tira, Filete, Ganso, Malaya, Pollo Ganso, Posta Negra"
robustez,,"B con IPC de septiembre de 0,5%",ninguno,ninguno,1,máximo por menos de 1%: ninguno
robustez,,"C con IPC de septiembre de 0,5%","12922, 6.3","12922, 5.8",1,
robustez,,A con IPC de septiembre de 1%,20,14,1,"fuera: Asado de tira, Asiento, Filete, Ganso, Lomo Vetado, Malaya, Palanca, Plateada, Pollo Ganso, Posta Negra"
robustez,,B con IPC de septiembre de 1%,ninguno,ninguno,1,máximo por menos de 1%: ninguno
robustez,,C con IPC de septiembre de 1%,"12922, 6.3","12922, 5.2",1,
robustez,,A con ODEPA sin la limpieza del sitio,20,20,1,"fuera: Asado de tira, Filete, Malaya, Pollo Ganso"
robustez,,B con ODEPA sin la limpieza del sitio,ninguno,ninguno,1,máximo por menos de 1%: ninguno
robustez,,C con ODEPA sin la limpieza del sitio,"12922, 6.3","12922, 6.3",1,
sitio,,semana del catálogo,2026-09-28,2026-09-28,1,
sitio,,cortes de vacuno en el catálogo,24,24,1,
sitio,Abastero,catálogo: precio,10675,10675,1,
sitio,Abastero,catálogo: variación a un año,4.2,4.2,1,
sitio,Abastero,catálogo: percentil,99,99,1,
sitio,Abastero,catálogo: semana,2026-09-28,2026-09-28,1,
sitio,Abastero,datos/productos: serie idéntica a indices.json,sí,sí,1,
sitio,Abastero,ficha: número grande,$10.675,$10.675,1,
sitio,Abastero,ficha: mismo mes de los últimos 10 años,10 de 10 septiembres,10 de 10 septiembres,1,"Más caro que en 10 de los últimos 10 septiembres, aun descontando la inflación."
sitio,Abastero,ficha: frente a toda su historia,"99% desde 2008, pesos de agosto de 2026","99% desde 2008, pesos de agosto de 2026",1,"Frente a toda su historia, está más caro que en el 99% de las semanas desde 2008, ajustado por inflación, en pesos de agosto de 2026."
sitio,Abastero,ficha: semana de los precios,28 de septiembre de 2026,28 de septiembre de 2026,1,
sitio,Abastero,"portada: precio, a un año y percentil","10675, 4.2, 99","10675, 4.2, 99",1,
sitio,Asado carnicero,catálogo: precio,10617,10617,1,
sitio,Asado carnicero,catálogo: variación a un año,5.2,5.2,1,
sitio,Asado carnicero,catálogo: percentil,100,100,1,
sitio,Asado carnicero,catálogo: semana,2026-09-28,2026-09-28,1,
sitio,Asado carnicero,datos/productos: serie idéntica a indices.json,sí,sí,1,
sitio,Asado carnicero,ficha: número grande,$10.617,$10.617,1,
sitio,Asado carnicero,ficha: mismo mes de los últimos 10 años,10 de 10 septiembres,10 de 10 septiembres,1,"Más caro que en 10 de los últimos 10 septiembres, aun descontando la inflación."
sitio,Asado carnicero,ficha: frente a toda su historia,"100% desde 2008, pesos de agosto de 2026","100% desde 2008, pesos de agosto de 2026",1,"Frente a toda su historia, está más caro que en el 100% de las semanas desde 2008, ajustado por inflación, en pesos de agosto de 2026."
sitio,Asado carnicero,ficha: semana de los precios,28 de septiembre de 2026,28 de septiembre de 2026,1,
sitio,Asado carnicero,"portada: precio, a un año y percentil","10617, 5.2, 100","10617, 5.2, 100",1,
sitio,Asado de tira,catálogo: precio,12922,12922,1,
sitio,Asado de tira,catálogo: variación a un año,6.3,6.3,1,
sitio,Asado de tira,catálogo: percentil,85,85,1,
sitio,Asado de tira,catálogo: semana,2026-09-28,2026-09-28,1,
sitio,Asado de tira,datos/productos: serie idéntica a indices.json,sí,sí,1,
sitio,Asado de tira,ficha: número grande,$12.922,$12.922,1,
sitio,Asado de tira,ficha: mismo mes de los últimos 10 años,8 de 10 septiembres,8 de 10 septiembres,1,"Más caro que en 8 de los últimos 10 septiembres, aun descontando la inflación."
sitio,Asado de tira,ficha: frente a toda su historia,"85% desde 2015, pesos de agosto de 2026","85% desde 2015, pesos de agosto de 2026",1,"Frente a toda su historia, está más caro que en el 85% de las semanas desde 2015, ajustado por inflación, en pesos de agosto de 2026."
sitio,Asado de tira,ficha: semana de los precios,28 de septiembre de 2026,28 de septiembre de 2026,1,
sitio,Asado de tira,"portada: precio, a un año y percentil","12922, 6.3, 85","12922, 6.3, 85",1,
sitio,Asiento,catálogo: precio,14220,14220,1,
sitio,Asiento,catálogo: variación a un año,6.6,6.6,1,
sitio,Asiento,catálogo: percentil,96,96,1,
sitio,Asiento,catálogo: semana,2026-09-28,2026-09-28,1,
sitio,Asiento,datos/productos: serie idéntica a indices.json,sí,sí,1,
sitio,Asiento,ficha: número grande,$14.220,$14.220,1,
sitio,Asiento,ficha: mismo mes de los últimos 10 años,10 de 10 septiembres,10 de 10 septiembres,1,"Más caro que en 10 de los últimos 10 septiembres, aun descontando la inflación."
sitio,Asiento,ficha: frente a toda su historia,"96% desde 2008, pesos de agosto de 2026","96% desde 2008, pesos de agosto de 2026",1,"Frente a toda su historia, está más caro que en el 96% de las semanas desde 2008, ajustado por inflación, en pesos de agosto de 2026."
sitio,Asiento,ficha: semana de los precios,28 de septiembre de 2026,28 de septiembre de 2026,1,
sitio,Asiento,"portada: precio, a un año y percentil","14220, 6.6, 96","14220, 6.6, 96",1,
sitio,Choclillo,catálogo: precio,11762,11762,1,
sitio,Choclillo,catálogo: variación a un año,11.0,11.0,1,
sitio,Choclillo,catálogo: percentil,100,100,1,
sitio,Choclillo,catálogo: semana,2026-09-28,2026-09-28,1,
sitio,Choclillo,datos/productos: serie idéntica a indices.json,sí,sí,1,
sitio,Choclillo,ficha: número grande,$11.762,$11.762,1,
sitio,Choclillo,ficha: mismo mes de los últimos 10 años,10 de 10 septiembres,10 de 10 septiembres,1,"Más caro que en 10 de los últimos 10 septiembres, aun descontando la inflación."
sitio,Choclillo,ficha: frente a toda su historia,"99% desde 2015, pesos de agosto de 2026","99% desde 2015, pesos de agosto de 2026",1,"Frente a toda su historia, está más caro que en el 99% de las semanas desde 2015, ajustado por inflación, en pesos de agosto de 2026."
sitio,Choclillo,ficha: semana de los precios,28 de septiembre de 2026,28 de septiembre de 2026,1,
sitio,Choclillo,"portada: precio, a un año y percentil","11762, 11.0, 100","11762, 11.0, 100",1,
sitio,Estomaguillo (Tapabarriga),catálogo: precio,12294,12294,1,
sitio,Estomaguillo (Tapabarriga),catálogo: variación a un año,2.3,2.3,1,
sitio,Estomaguillo (Tapabarriga),catálogo: percentil,100,100,1,
sitio,Estomaguillo (Tapabarriga),catálogo: semana,2026-09-28,2026-09-28,1,
sitio,Estomaguillo (Tapabarriga),datos/productos: serie idéntica a indices.json,sí,sí,1,
sitio,Estomaguillo (Tapabarriga),ficha: número grande,$12.294,$12.294,1,
sitio,Estomaguillo (Tapabarriga),ficha: mismo mes de los últimos 10 años,10 de 10 septiembres,10 de 10 septiembres,1,"Más caro que en 10 de los últimos 10 septiembres, aun descontando la inflación."
sitio,Estomaguillo (Tapabarriga),ficha: frente a toda su historia,"100% desde 2015, pesos de agosto de 2026","100% desde 2015, pesos de agosto de 2026",1,"Frente a toda su historia, está más caro que en el 100% de las semanas desde 2015, ajustado por inflación, en pesos de agosto de 2026."
sitio,Estomaguillo (Tapabarriga),ficha: semana de los precios,28 de septiembre de 2026,28 de septiembre de 2026,1,
sitio,Estomaguillo (Tapabarriga),"portada: precio, a un año y percentil","12294, 2.3, 100","12294, 2.3, 100",1,
sitio,Filete,catálogo: precio,18570,18570,1,
sitio,Filete,catálogo: variación a un año,0.2,0.2,1,
sitio,Filete,catálogo: percentil,85,85,1,
sitio,Filete,catálogo: semana,2026-09-28,2026-09-28,1,
sitio,Filete,datos/productos: serie idéntica a indices.json,sí,sí,1,
sitio,Filete,ficha: número grande,$18.570,$18.570,1,
sitio,Filete,ficha: mismo mes de los últimos 10 años,8 de 10 septiembres,8 de 10 septiembres,1,"Más caro que en 8 de los últimos 10 septiembres, aun descontando la inflación."
sitio,Filete,ficha: frente a toda su historia,"85% desde 2012, pesos de agosto de 2026","85% desde 2012, pesos de agosto de 2026",1,"Frente a toda su historia, está más caro que en el 85% de las semanas desde 2012, ajustado por inflación, en pesos de agosto de 2026."
sitio,Filete,ficha: semana de los precios,28 de septiembre de 2026,28 de septiembre de 2026,1,
sitio,Filete,"portada: precio, a un año y percentil","18570, 0.2, 85","18570, 0.2, 85",1,
sitio,Ganso,catálogo: precio,10534,10534,1,
sitio,Ganso,catálogo: variación a un año,3.9,3.9,1,
sitio,Ganso,catálogo: percentil,95,95,1,
sitio,Ganso,catálogo: semana,2026-09-28,2026-09-28,1,
sitio,Ganso,datos/productos: serie idéntica a indices.json,sí,sí,1,
sitio,Ganso,ficha: número grande,$10.534,$10.534,1,
sitio,Ganso,ficha: mismo mes de los últimos 10 años,10 de 10 septiembres,10 de 10 septiembres,1,"Más caro que en 10 de los últimos 10 septiembres, aun descontando la inflación."
sitio,Ganso,ficha: frente a toda su historia,"95% desde 2015, pesos de agosto de 2026","95% desde 2015, pesos de agosto de 2026",1,"Frente a toda su historia, está más caro que en el 95% de las semanas desde 2015, ajustado por inflación, en pesos de agosto de 2026."
sitio,Ganso,ficha: semana de los precios,28 de septiembre de 2026,28 de septiembre de 2026,1,
sitio,Ganso,"portada: precio, a un año y percentil","10534, 3.9, 95","10534, 3.9, 95",1,
sitio,Huachalomo,catálogo: precio,10444,10444,1,
sitio,Huachalomo,catálogo: variación a un año,3.3,3.3,1,
sitio,Huachalomo,catálogo: percentil,98,98,1,
sitio,Huachalomo,catálogo: semana,2026-09-28,2026-09-28,1,
sitio,Huachalomo,datos/productos: serie idéntica a indices.json,sí,sí,1,
sitio,Huachalomo,ficha: número grande,$10.444,$10.444,1,
sitio,Huachalomo,ficha: mismo mes de los últimos 10 años,10 de 10 septiembres,10 de 10 septiembres,1,"Más caro que en 10 de los últimos 10 septiembres, aun descontando la inflación."
sitio,Huachalomo,ficha: frente a toda su historia,"98% desde 2008, pesos de agosto de 2026","98% desde 2008, pesos de agosto de 2026",1,"Frente a toda su historia, está más caro que en el 98% de las semanas desde 2008, ajustado por inflación, en pesos de agosto de 2026."
sitio,Huachalomo,ficha: semana de los precios,28 de septiembre de 2026,28 de septiembre de 2026,1,
sitio,Huachalomo,"portada: precio, a un año y percentil","10444, 3.3, 98","10444, 3.3, 98",1,
sitio,Lomo Liso,catálogo: precio,16683,16683,1,
sitio,Lomo Liso,catálogo: variación a un año,8.2,8.2,1,
sitio,Lomo Liso,catálogo: percentil,98,98,1,
sitio,Lomo Liso,catálogo: semana,2026-09-28,2026-09-28,1,
sitio,Lomo Liso,datos/productos: serie idéntica a indices.json,sí,sí,1,
sitio,Lomo Liso,ficha: número grande,$16.683,$16.683,1,
sitio,Lomo Liso,ficha: mismo mes de los últimos 10 años,10 de 10 septiembres,10 de 10 septiembres,1,"Más caro que en 10 de los últimos 10 septiembres, aun descontando la inflación."
sitio,Lomo Liso,ficha: frente a toda su historia,"98% desde 2008, pesos de agosto de 2026","98% desde 2008, pesos de agosto de 2026",1,"Frente a toda su historia, está más caro que en el 98% de las semanas desde 2008, ajustado por inflación, en pesos de agosto de 2026."
sitio,Lomo Liso,ficha: semana de los precios,28 de septiembre de 2026,28 de septiembre de 2026,1,
sitio,Lomo Liso,"portada: precio, a un año y percentil","16683, 8.2, 98","16683, 8.2, 98",1,
sitio,Lomo Vetado,catálogo: precio,17327,17327,1,
sitio,Lomo Vetado,catálogo: variación a un año,0.9,0.9,1,
sitio,Lomo Vetado,catálogo: percentil,97,97,1,
sitio,Lomo Vetado,catálogo: semana,2026-09-28,2026-09-28,1,
sitio,Lomo Vetado,datos/productos: serie idéntica a indices.json,sí,sí,1,
sitio,Lomo Vetado,ficha: número grande,$17.327,$17.327,1,
sitio,Lomo Vetado,ficha: mismo mes de los últimos 10 años,10 de 10 septiembres,10 de 10 septiembres,1,"Más caro que en 10 de los últimos 10 septiembres, aun descontando la inflación."
sitio,Lomo Vetado,ficha: frente a toda su historia,"97% desde 2008, pesos de agosto de 2026","97% desde 2008, pesos de agosto de 2026",1,"Frente a toda su historia, está más caro que en el 97% de las semanas desde 2008, ajustado por inflación, en pesos de agosto de 2026."
sitio,Lomo Vetado,ficha: semana de los precios,28 de septiembre de 2026,28 de septiembre de 2026,1,
sitio,Lomo Vetado,"portada: precio, a un año y percentil","17327, 0.9, 97","17327, 0.9, 97",1,
sitio,Malaya,catálogo: precio,10056,10056,1,
sitio,Malaya,catálogo: variación a un año,-3.7,-3.7,1,
sitio,Malaya,catálogo: percentil,93,93,1,
sitio,Malaya,catálogo: semana,2026-09-28,2026-09-28,1,
sitio,Malaya,datos/productos: serie idéntica a indices.json,sí,sí,1,
sitio,Malaya,ficha: número grande,$10.056,$10.056,1,
sitio,Malaya,ficha: mismo mes de los últimos 10 años,10 de 10 septiembres,10 de 10 septiembres,1,"Más cara que en 10 de los últimos 10 septiembres, aun descontando la inflación."
sitio,Malaya,ficha: frente a toda su historia,"92% desde 2015, pesos de agosto de 2026","92% desde 2015, pesos de agosto de 2026",1,"Frente a toda su historia, está más cara que en el 92% de las semanas desde 2015, ajustada por inflación, en pesos de agosto de 2026."
sitio,Malaya,ficha: semana de los precios,28 de septiembre de 2026,28 de septiembre de 2026,1,
sitio,Malaya,"portada: precio, a un año y percentil","10056, -3.7, 93","10056, -3.7, 93",1,
sitio,Osobuco,catálogo: precio,11486,11486,1,
sitio,Osobuco,catálogo: variación a un año,5.6,5.6,1,
sitio,Osobuco,catálogo: percentil,98,98,1,
sitio,Osobuco,catálogo: semana,2026-09-28,2026-09-28,1,
sitio,Osobuco,datos/productos: serie idéntica a indices.json,sí,sí,1,
sitio,Osobuco,ficha: número grande,$11.486,$11.486,1,
sitio,Osobuco,ficha: mismo mes de los últimos 10 años,10 de 10 septiembres,10 de 10 septiembres,1,"Más caro que en 10 de los últimos 10 septiembres, aun descontando la inflación."
sitio,Osobuco,ficha: frente a toda su historia,"98% desde 2014, pesos de agosto de 2026","98% desde 2014, pesos de agosto de 2026",1,"Frente a toda su historia, está más caro que en el 98% de las semanas desde 2014, ajustado por inflación, en pesos de agosto de 2026."
sitio,Osobuco,ficha: semana de los precios,28 de septiembre de 2026,28 de septiembre de 2026,1,
sitio,Osobuco,"portada: precio, a un año y percentil","11486, 5.6, 98","11486, 5.6, 98",1,
sitio,Palanca,catálogo: precio,14257,14257,1,
sitio,Palanca,catálogo: variación a un año,3.0,3.0,1,
sitio,Palanca,catálogo: percentil,96,96,1,
sitio,Palanca,catálogo: semana,2026-09-28,2026-09-28,1,
sitio,Palanca,datos/productos: serie idéntica a indices.json,sí,sí,1,
sitio,Palanca,ficha: número grande,$14.257,$14.257,1,
sitio,Palanca,ficha: mismo mes de los últimos 10 años,10 de 10 septiembres,10 de 10 septiembres,1,"Más cara que en 10 de los últimos 10 septiembres, aun descontando la inflación."
sitio,Palanca,ficha: frente a toda su historia,"96% desde 2015, pesos de agosto de 2026","96% desde 2015, pesos de agosto de 2026",1,"Frente a toda su historia, está más cara que en el 96% de las semanas desde 2015, ajustada por inflación, en pesos de agosto de 2026."
sitio,Palanca,ficha: semana de los precios,28 de septiembre de 2026,28 de septiembre de 2026,1,
sitio,Palanca,"portada: precio, a un año y percentil","14257, 3.0, 96","14257, 3.0, 96",1,
sitio,Plateada,catálogo: precio,11063,11063,1,
sitio,Plateada,catálogo: variación a un año,5.6,5.6,1,
sitio,Plateada,catálogo: percentil,96,96,1,
sitio,Plateada,catálogo: semana,2026-09-28,2026-09-28,1,
sitio,Plateada,datos/productos: serie idéntica a indices.json,sí,sí,1,
sitio,Plateada,ficha: número grande,$11.063,$11.063,1,
sitio,Plateada,ficha: mismo mes de los últimos 10 años,10 de 10 septiembres,10 de 10 septiembres,1,"Más cara que en 10 de los últimos 10 septiembres, aun descontando la inflación."
sitio,Plateada,ficha: frente a toda su historia,"96% desde 2014, pesos de agosto de 2026","96% desde 2014, pesos de agosto de 2026",1,"Frente a toda su historia, está más cara que en el 96% de las semanas desde 2014, ajustada por inflación, en pesos de agosto de 2026."
sitio,Plateada,ficha: semana de los precios,28 de septiembre de 2026,28 de septiembre de 2026,1,
sitio,Plateada,"portada: precio, a un año y percentil","11063, 5.6, 96","11063, 5.6, 96",1,
sitio,Pollo Ganso,catálogo: precio,11971,11971,1,
sitio,Pollo Ganso,catálogo: variación a un año,8.1,8.1,1,
sitio,Pollo Ganso,catálogo: percentil,93,93,1,
sitio,Pollo Ganso,catálogo: semana,2026-09-28,2026-09-28,1,
sitio,Pollo Ganso,datos/productos: serie idéntica a indices.json,sí,sí,1,
sitio,Pollo Ganso,ficha: número grande,$11.971,$11.971,1,
sitio,Pollo Ganso,ficha: mismo mes de los últimos 10 años,9 de 10 septiembres,9 de 10 septiembres,1,"Más caro que en 9 de los últimos 10 septiembres, aun descontando la inflación."
sitio,Pollo Ganso,ficha: frente a toda su historia,"93% desde 2010, pesos de agosto de 2026","93% desde 2010, pesos de agosto de 2026",1,"Frente a toda su historia, está más caro que en el 93% de las semanas desde 2010, ajustado por inflación, en pesos de agosto de 2026."
sitio,Pollo Ganso,ficha: semana de los precios,28 de septiembre de 2026,28 de septiembre de 2026,1,
sitio,Pollo Ganso,"portada: precio, a un año y percentil","11971, 8.1, 93","11971, 8.1, 93",1,
sitio,Posta Negra,catálogo: precio,11852,11852,1,
sitio,Posta Negra,catálogo: variación a un año,4.3,4.3,1,
sitio,Posta Negra,catálogo: percentil,95,95,1,
sitio,Posta Negra,catálogo: semana,2026-09-28,2026-09-28,1,
sitio,Posta Negra,datos/productos: serie idéntica a indices.json,sí,sí,1,
sitio,Posta Negra,ficha: número grande,$11.852,$11.852,1,
sitio,Posta Negra,ficha: mismo mes de los últimos 10 años,10 de 10 septiembres,10 de 10 septiembres,1,"Más cara que en 10 de los últimos 10 septiembres, aun descontando la inflación."
sitio,Posta Negra,ficha: frente a toda su historia,"95% desde 2008, pesos de agosto de 2026","95% desde 2008, pesos de agosto de 2026",1,"Frente a toda su historia, está más cara que en el 95% de las semanas desde 2008, ajustada por inflación, en pesos de agosto de 2026."
sitio,Posta Negra,ficha: semana de los precios,28 de septiembre de 2026,28 de septiembre de 2026,1,
sitio,Posta Negra,"portada: precio, a un año y percentil","11852, 4.3, 95","11852, 4.3, 95",1,
sitio,Posta Paleta,catálogo: precio,11444,11444,1,
sitio,Posta Paleta,catálogo: variación a un año,6.6,6.6,1,
sitio,Posta Paleta,catálogo: percentil,99,99,1,
sitio,Posta Paleta,catálogo: semana,2026-09-28,2026-09-28,1,
sitio,Posta Paleta,datos/productos: serie idéntica a indices.json,sí,sí,1,
sitio,Posta Paleta,ficha: número grande,$11.444,$11.444,1,
sitio,Posta Paleta,ficha: mismo mes de los últimos 10 años,10 de 10 septiembres,10 de 10 septiembres,1,"Más cara que en 10 de los últimos 10 septiembres, aun descontando la inflación."
sitio,Posta Paleta,ficha: frente a toda su historia,"99% desde 2008, pesos de agosto de 2026","99% desde 2008, pesos de agosto de 2026",1,"Frente a toda su historia, está más cara que en el 99% de las semanas desde 2008, ajustada por inflación, en pesos de agosto de 2026."
sitio,Posta Paleta,ficha: semana de los precios,28 de septiembre de 2026,28 de septiembre de 2026,1,
sitio,Posta Paleta,"portada: precio, a un año y percentil","11444, 6.6, 99","11444, 6.6, 99",1,
sitio,Posta Rosada,catálogo: precio,12400,12400,1,
sitio,Posta Rosada,catálogo: variación a un año,10.9,10.9,1,
sitio,Posta Rosada,catálogo: percentil,99,99,1,
sitio,Posta Rosada,catálogo: semana,2026-09-28,2026-09-28,1,
sitio,Posta Rosada,datos/productos: serie idéntica a indices.json,sí,sí,1,
sitio,Posta Rosada,ficha: número grande,$12.400,$12.400,1,
sitio,Posta Rosada,ficha: mismo mes de los últimos 10 años,10 de 10 septiembres,10 de 10 septiembres,1,"Más cara que en 10 de los últimos 10 septiembres, aun descontando la inflación."
sitio,Posta Rosada,ficha: frente a toda su historia,"99% desde 2008, pesos de agosto de 2026","99% desde 2008, pesos de agosto de 2026",1,"Frente a toda su historia, está más cara que en el 99% de las semanas desde 2008, ajustada por inflación, en pesos de agosto de 2026."
sitio,Posta Rosada,ficha: semana de los precios,28 de septiembre de 2026,28 de septiembre de 2026,1,
sitio,Posta Rosada,"portada: precio, a un año y percentil","12400, 10.9, 99","12400, 10.9, 99",1,
sitio,Punta de Ganso,catálogo: precio,15891,15891,1,
sitio,Punta de Ganso,catálogo: variación a un año,5.4,5.4,1,
sitio,Punta de Ganso,catálogo: percentil,100,100,1,
sitio,Punta de Ganso,catálogo: semana,2026-09-28,2026-09-28,1,
sitio,Punta de Ganso,datos/productos: serie idéntica a indices.json,sí,sí,1,
sitio,Punta de Ganso,ficha: número grande,$15.891,$15.891,1,
sitio,Punta de Ganso,ficha: mismo mes de los últimos 10 años,10 de 10 septiembres,10 de 10 septiembres,1,"Más cara que en 10 de los últimos 10 septiembres, aun descontando la inflación."
sitio,Punta de Ganso,ficha: frente a toda su historia,"99% desde 2015, pesos de agosto de 2026","99% desde 2015, pesos de agosto de 2026",1,"Frente a toda su historia, está más cara que en el 99% de las semanas desde 2015, ajustada por inflación, en pesos de agosto de 2026."
sitio,Punta de Ganso,ficha: semana de los precios,28 de septiembre de 2026,28 de septiembre de 2026,1,
sitio,Punta de Ganso,"portada: precio, a un año y percentil","15891, 5.4, 100","15891, 5.4, 100",1,
sitio,Punta paleta,catálogo: precio,11549,11549,1,
sitio,Punta paleta,catálogo: variación a un año,6.6,6.6,1,
sitio,Punta paleta,catálogo: percentil,99,99,1,
sitio,Punta paleta,catálogo: semana,2026-09-28,2026-09-28,1,
sitio,Punta paleta,datos/productos: serie idéntica a indices.json,sí,sí,1,
sitio,Punta paleta,ficha: número grande,$11.549,$11.549,1,
sitio,Punta paleta,ficha: mismo mes de los últimos 10 años,10 de 10 septiembres,10 de 10 septiembres,1,"Más cara que en 10 de los últimos 10 septiembres, aun descontando la inflación."
sitio,Punta paleta,ficha: frente a toda su historia,"99% desde 2015, pesos de agosto de 2026","99% desde 2015, pesos de agosto de 2026",1,"Frente a toda su historia, está más cara que en el 99% de las semanas desde 2015, ajustada por inflación, en pesos de agosto de 2026."
sitio,Punta paleta,ficha: semana de los precios,28 de septiembre de 2026,28 de septiembre de 2026,1,
sitio,Punta paleta,"portada: precio, a un año y percentil","11549, 6.6, 99","11549, 6.6, 99",1,
sitio,Punta picana,catálogo: precio,14058,14058,1,
sitio,Punta picana,catálogo: variación a un año,5.1,5.1,1,
sitio,Punta picana,catálogo: percentil,99,99,1,
sitio,Punta picana,catálogo: semana,2026-09-28,2026-09-28,1,
sitio,Punta picana,datos/productos: serie idéntica a indices.json,sí,sí,1,
sitio,Punta picana,ficha: número grande,$14.058,$14.058,1,
sitio,Punta picana,ficha: mismo mes de los últimos 10 años,10 de 10 septiembres,10 de 10 septiembres,1,"Más cara que en 10 de los últimos 10 septiembres, aun descontando la inflación."
sitio,Punta picana,ficha: frente a toda su historia,"98% desde 2015, pesos de agosto de 2026","98% desde 2015, pesos de agosto de 2026",1,"Frente a toda su historia, está más cara que en el 98% de las semanas desde 2015, ajustada por inflación, en pesos de agosto de 2026."
sitio,Punta picana,ficha: semana de los precios,28 de septiembre de 2026,28 de septiembre de 2026,1,
sitio,Punta picana,"portada: precio, a un año y percentil","14058, 5.1, 99","14058, 5.1, 99",1,
sitio,Sobrecostilla,catálogo: precio,10557,10557,1,
sitio,Sobrecostilla,catálogo: variación a un año,6.7,6.7,1,
sitio,Sobrecostilla,catálogo: percentil,100,100,1,
sitio,Sobrecostilla,catálogo: semana,2026-09-28,2026-09-28,1,
sitio,Sobrecostilla,datos/productos: serie idéntica a indices.json,sí,sí,1,
sitio,Sobrecostilla,ficha: número grande,$10.557,$10.557,1,
sitio,Sobrecostilla,ficha: mismo mes de los últimos 10 años,10 de 10 septiembres,10 de 10 septiembres,1,"Más cara que en 10 de los últimos 10 septiembres, aun descontando la inflación."
sitio,Sobrecostilla,ficha: frente a toda su historia,"100% desde 2008, pesos de agosto de 2026","100% desde 2008, pesos de agosto de 2026",1,"Frente a toda su historia, está más cara que en el 100% de las semanas desde 2008, ajustada por inflación, en pesos de agosto de 2026."
sitio,Sobrecostilla,ficha: semana de los precios,28 de septiembre de 2026,28 de septiembre de 2026,1,
sitio,Sobrecostilla,"portada: precio, a un año y percentil","10557, 6.7, 100","10557, 6.7, 100",1,
sitio,Tapapecho,catálogo: precio,10202,10202,1,
sitio,Tapapecho,catálogo: variación a un año,5.5,5.5,1,
sitio,Tapapecho,catálogo: percentil,100,100,1,
sitio,Tapapecho,catálogo: semana,2026-09-28,2026-09-28,1,
sitio,Tapapecho,datos/productos: serie idéntica a indices.json,sí,sí,1,
sitio,Tapapecho,ficha: número grande,$10.202,$10.202,1,
sitio,Tapapecho,ficha: mismo mes de los últimos 10 años,10 de 10 septiembres,10 de 10 septiembres,1,"Más caro que en 10 de los últimos 10 septiembres, aun descontando la inflación."
sitio,Tapapecho,ficha: frente a toda su historia,"100% desde 2010, pesos de agosto de 2026","100% desde 2010, pesos de agosto de 2026",1,"Frente a toda su historia, está más caro que en el 100% de las semanas desde 2010, ajustado por inflación, en pesos de agosto de 2026."
sitio,Tapapecho,ficha: semana de los precios,28 de septiembre de 2026,28 de septiembre de 2026,1,
sitio,Tapapecho,"portada: precio, a un año y percentil","10202, 5.5, 100","10202, 5.5, 100",1,
limpieza,Abastero,semanas descartadas por el sitio en los últimos 10 años,,0,1,
limpieza,Asado carnicero,semanas descartadas por el sitio en los últimos 10 años,,0,1,
limpieza,Asado de tira,semanas descartadas por el sitio en los últimos 10 años,,0,1,
limpieza,Asiento,semanas descartadas por el sitio en los últimos 10 años,,0,1,
limpieza,Choclillo,semanas descartadas por el sitio en los últimos 10 años,,0,1,
limpieza,Estomaguillo (Tapabarriga),semanas descartadas por el sitio en los últimos 10 años,,0,1,
limpieza,Filete,semanas descartadas por el sitio en los últimos 10 años,,0,1,
limpieza,Ganso,semanas descartadas por el sitio en los últimos 10 años,,0,1,
limpieza,Huachalomo,semanas descartadas por el sitio en los últimos 10 años,,0,1,
limpieza,Lomo Liso,semanas descartadas por el sitio en los últimos 10 años,,0,1,
limpieza,Lomo Vetado,semanas descartadas por el sitio en los últimos 10 años,,0,1,
limpieza,Malaya,semanas descartadas por el sitio en los últimos 10 años,,1,1,2024-09-16 $9.490 nominal
limpieza,Osobuco,semanas descartadas por el sitio en los últimos 10 años,,0,1,
limpieza,Palanca,semanas descartadas por el sitio en los últimos 10 años,,0,1,
limpieza,Plateada,semanas descartadas por el sitio en los últimos 10 años,,0,1,
limpieza,Pollo Ganso,semanas descartadas por el sitio en los últimos 10 años,,0,1,
limpieza,Posta Negra,semanas descartadas por el sitio en los últimos 10 años,,0,1,
limpieza,Posta Paleta,semanas descartadas por el sitio en los últimos 10 años,,0,1,
limpieza,Posta Rosada,semanas descartadas por el sitio en los últimos 10 años,,0,1,
limpieza,Punta de Ganso,semanas descartadas por el sitio en los últimos 10 años,,0,1,
limpieza,Punta paleta,semanas descartadas por el sitio en los últimos 10 años,,0,1,
limpieza,Punta picana,semanas descartadas por el sitio en los últimos 10 años,,0,1,
limpieza,Sobrecostilla,semanas descartadas por el sitio en los últimos 10 años,,0,1,
limpieza,Tapapecho,semanas descartadas por el sitio en los últimos 10 años,,0,1,
