mes,metodologia,cba,informe
2019-01,2013,42840,Valor_CBA_y_LPs_19.01.pdf
2019-02,2013,42651,Valor_CBA_y_LPs_19.02.pdf
2019-03,2013,43050,Valor_CBA_y_LPs_19.03.pdf
2019-04,2013,43100,Valor_CBA_y_LPs_19.04.pdf
2019-05,2013,42860,Valor_CBA_y_LPs_19.05.pdf
2019-06,2013,43066,Valor_CBA_y_LPs_19.06.pdf
2019-07,2013,42937,Valor_CBA_y_LPs_19.07.pdf
2019-08,2013,43176,Valor_CBA_y_LPs_19.08.pdf
2019-09,2013,43401,Valor_CBA_y_LPs_19.09.pdf
2019-10,2013,43807,Valor_CBA_y_LPs_19.10.pdf
2019-11,2013,45093,Valor_CBA_y_LPs_19.11.pdf
2019-12,2013,44518,Valor_CBA_y_LPs_19.12.pdf
2020-01,2013,45105,Valor_CBA_y_LPs_20.01.pdf
2020-02,2013,45219,Valor_CBA_y_LPs_20.02.pdf
2020-03,2013,45528,Valor_CBA_y_LPs_20.03.pdf
2020-04,2013,46070,Valor_CBA_y_LPs_20.04.pdf
2020-05,2013,45833,Valor_CBA_y_LPs_20.05.pdf
2020-06,2013,45674,Valor_CBA_y_LPs_20.06.pdf
2020-07,2013,46119,Valor_CBA_y_LPs_20.07.pdf
2020-08,2013,46143,Valor_CBA_y_LPs_20.08.pdf
2020-09,2013,47067,Valor_CBA_y_LPs_20.09.pdf
2020-10,2013,47360,Valor_CBA_y_LPs_20.10.pdf
2020-11,2013,47599,Valor_CBA_y_LPs_20.11.pdf
2020-12,2013,47880,Valor_CBA_y_LPs_20.12.pdf
2021-01,2013,48605,Valor_CBA_y_LPs_21.01.pdf
2021-02,2013,48160,Valor_CBA_y_LPs_21.02.pdf
2021-03,2013,47691,Valor_CBA_y_LPs_21.03.pdf
2021-04,2013,48004,Valor_CBA_y_LPs_21.04.pdf
2021-05,2013,47837,Valor_CBA_y_LPs_21.05.pdf
2021-06,2013,47811,Valor_CBA_y_LPs_21.06.pdf
2021-07,2013,48079,Valor_CBA_y_LPs_21.07.pdf
2021-08,2013,48260,Valor_CBA_y_LPs_21.08.pdf
2021-09,2013,49075,Valor_CBA_y_LPs_21.09.pdf
2021-10,2013,49949,Valor_CBA_y_LPs_21.10.pdf
2021-11,2013,50071,Valor_CBA_y_LPs_21.11.pdf
2021-12,2013,50237,Valor_CBA_y_LPs_21.12.pdf
2022-01,2013,50985,Valor_CBA_y_LPs_22.01.pdf
2022-02,2013,51903,Valor_CBA_y_LPs_22.02.pdf
2022-03,2013,54101,Valor_CBA_y_LPs_22.03.pdf
2022-04,2013,55346,Valor_CBA_y_LPs_22.04.pdf
2022-05,2013,56095,Valor_CBA_y_LPs_22.05.pdf
2022-06,2013,56386,Valor_CBA_y_LPs_22.06.pdf
2022-07,2013,58003,Valor_CBA_y_LPs_22.07.pdf
2022-08,2013,59063,Valor_CBA_y_LPs_22.08.pdf
2022-09,2013,60393,Valor_CBA_y_LPs_22.09.pdf
2022-10,2013,61357,Valor_CBA_y_LPs_22.10.pdf
2022-11,2013,63587,Valor_CBA_y_LPs_22.11.pdf
2022-12,2013,64407,Valor_CBA_y_LPs_22.12.pdf
2023-01,2013,65046,Valor_CBA_y_LPs_23.01.pdf
2023-02,2013,64289,Valor_CBA_y_LPs_23.02.pdf
2023-03,2013,64384,Valor_CBA_y_LPs_23.03.pdf
2023-04,2013,64031,Valor_CBA_y_LPs_23.04.pdf
2023-05,2013,63741,Valor_CBA_y_LPs_23.05.pdf
2023-06,2013,63768,Valor_CBA_y_LPs_23.06.pdf
2023-07,2013,64719,Valor_CBA_y_LPs_23.07.pdf
2023-08,2013,65370,Valor_CBA_y_LPs_23.08.pdf
2023-09,2013,67012,Valor_CBA_y_LPs_23.09.pdf
2023-10,2013,67946,Valor_CBA_y_LPs_23.10.pdf
2023-11,2013,69286,Valor_CBA_y_LPs_23.11.pdf
2023-12,2013,68669,Valor_CBA_y_LPs_23.12.pdf
2024-01,2013,69003,Valor_CBA_y_LPs_24.01.pdf
2024-02,2013,68475,Valor_CBA_y_LPs_24.02.pdf
2024-03,2013,67254,Valor_CBA_y_LPs_24.03.pdf
2024-04,2013,67489,Valor_CBA_y_LPs_24.04.pdf
2024-05,2013,67281,Valor_CBA_y_LPs_24.05.pdf
2024-06,2013,68367,Valor_CBA_y_LPs_24.06.pdf
2024-07,2013,68567,Valor_CBA_y_LPs_24.07.pdf
2024-08,2013,68731,Valor_CBA_y_LPs_24.08.pdf
2024-09,2013,68715,Valor_CBA_y_LPs_24.09.pdf
2024-10,2013,70364,Valor_CBA_y_LPs_24.10.pdf
2024-11,2013,70286,Valor_CBA_y_LPs_24.11.pdf
2024-12,2013,68761,Valor_CBA_y_LPs_24.12.pdf
2025-01,2013,69159,Valor_CBA_y_LPs_25.01.pdf
2025-02,2013,69169,Valor_CBA_y_LPs_25.02.pdf
2025-03,2013,70065,Valor_CBA_y_LPs_25.03.pdf
2025-04,2013,69805,Valor_CBA_y_LPs_25.04.pdf
2025-05,2013,69620,Valor_CBA_y_LPs_25.05.pdf
2025-06,2013,69100,Valor_CBA_y_LPs_25.06.pdf
2025-07,2013,69364,Valor_CBA_y_LPs_25.07.pdf
2025-08,2013,69505,Valor_CBA_y_LPs_25.08.pdf
2025-09,2013,70522,Valor_CBA_y_LPs_25.09.pdf
2025-10,2013,70804,Valor_CBA_y_LPs_25.10.pdf
2025-11,2013,71017,Valor_CBA_y_LPs_25.11.pdf
2025-12,2013,70857,Valor_CBA_y_LPs_25.12.pdf
2026-01,2024,89570,Informe_CBA_2026_01.pdf
2026-02,2024,89769,Informe_CBA_2026_02.pdf
2026-03,2024,90261,Informe_CBA_2026_03.pdf
2026-04,2024,90384,Informe_CBA_2026_04.pdf
2026-05,2024,89995,Informe_CBA_2026_05.pdf
2026-06,2024,90658,Informe_CBA_2026_06.pdf
2026-07,2024,91220,Informe_CBA_2026_07.pdf
2026-08,2024,92327,Informe_CBA_2026_08.pdf
