producto_ipc,con_odepa,error_medio_aportado
PAN,True,0.1236
BEBIDA GASEOSA,False,0.1191
FRUTAS DE ESTACIÓN,True,0.1187
CARNE DE VACUNO,True,0.1126
CARNE DE POLLO,True,0.0837
CECINAS,False,0.0753
TOMATE,True,0.0681
HUEVOS,True,0.0648
PAPA,True,0.0627
VERDURAS DE ESTACIÓN,True,0.045
BEBIDAS GASEOSAS,False,0.0443
PALTA,True,0.0433
QUESO,True,0.0429
AGUA EMBOTELLADA,False,0.0413
PESCADOS,False,0.038
CAFÉ Y SUCEDÁNEOS,False,0.0371
CARNE DE CERDO,True,0.0349
GALLETA,False,0.034
VERDURAS CONGELADAS,False,0.0312
ADEREZOS,False,0.0292
PRODUCTOS DE REPOSTERÍA,False,0.029
PALTAS,True,0.0283
GALLETAS,False,0.0278
PLÁTANO,True,0.0255
PESCADOS EN CONSERVA,False,0.0254
TOMATES,True,0.0254
PAPAS,True,0.025
TÉ,False,0.0249
HAMBURGUESA,False,0.0227
PAPAS FRITAS,False,0.0226
QUESOS,True,0.0219
LIMÓN,True,0.0218
CEREAL,False,0.0214
HELADO,False,0.0206
LECHE EN POLVO,True,0.0201
LECHE LÍQUIDA,True,0.0196
ACEITE VEGETAL,True,0.0189
LECHUGA,True,0.0187
POSTRES LÁCTEOS,False,0.0187
PASTAS,True,0.0183
VERDURAS ENCURTIDAS,False,0.0181
JUGO LÍQUIDO,False,0.0175
ZAPALLO,True,0.0174
CEBOLLA Y CEBOLLÍN,True,0.0169
MANZANA,True,0.0163
CARNE DE PAVO,True,0.0153
NARANJA,True,0.0151
ARROZ,True,0.0142
PESCADOS FRESCOS O REFRIGERADOS,False,0.0141
YOGHURT,True,0.014
CHOCOLATES,False,0.0132
PAPAS CONGELADAS Y DESHIDRATADAS,False,0.0131
SOPAS Y CREMAS,False,0.0129
MASAS SALADAS PREPARADAS,False,0.0128
PLATOS PREPARADOS ADQUIRIDOS EN TIENDAS Y SUPERMERCADOS,False,0.0127
JUGOS LÍQUIDOS,False,0.0124
ALIMENTOS PARA BEBÉ,False,0.0117
MANJAR Y DULCES UNTABLES,False,0.0117
LIMONES,True,0.0115
PLÁTANOS,True,0.0111
CHOCOLATE,False,0.011
LECHUGAS,True,0.0104
MARISCOS,False,0.0099
ACEITE VEGETAL Y DE MARAVILLA,True,0.0097
FRUTOS SECOS,False,0.0092
MARGARINA,True,0.0089
ZAPALLOS,True,0.0089
PIMENTÓN Y PIMIENTO,True,0.0088
MANTEQUILLA,True,0.0087
LECHE CONSERVADA,False,0.0085
ZANAHORIA,True,0.0085
HELADOS,False,0.0084
NARANJAS,True,0.0084
POSTRES NO LÁCTEOS,False,0.0081
OTRAS BEBIDAS NO ALCOHÓLICAS,False,0.008
SNACK,False,0.0079
SALSAS,False,0.0078
YOGURES Y PRODUCTOS SIMILARES,True,0.0076
MERMELADA,False,0.0076
HAMBURGUESAS,False,0.0075
CEBOLLAS Y CEBOLLINES,True,0.0067
LEGUMBRES,True,0.0067
CARAMELOS Y GOMA DE MASCAR,False,0.0064
VERDURAS EN CONSERVA,False,0.0063
AZÚCAR,True,0.0062
"HIERBAS, ESPECIAS Y CONDIMENTOS",False,0.0062
CEREALES PARA EL DESAYUNO,False,0.0059
ZAPALLO ITALIANO,True,0.0058
PERA,True,0.0056
SNACKS,False,0.0055
HARINA,True,0.0054
ALIÑOS,False,0.0053
MANZANAS,True,0.0053
ACEITE DE OLIVA,True,0.0053
ACELGA Y ESPINACA,True,0.0052
MARISCOS FRESCOS O REFRIGERADOS,False,0.005
JUGO EN POLVO,False,0.005
SALSAS DE TOMATE,False,0.005
ENDULZANTE,False,0.0049
PIMIENTOS MORRONES,True,0.0049
FRUTAS EN CONSERVA,False,0.0048
SUPLEMENTOS ALIMENTICIOS Y NUTRICIONALES,False,0.0045
CREMAS Y LECHES CONSERVADAS,False,0.0044
SABORIZANTE PARA LECHE,False,0.0044
ZANAHORIAS,True,0.0043
MERMELADAS,False,0.0042
JUGOS EN POLVO,False,0.0037
CARAMELOS Y GOMAS DE MASCAR,False,0.0036
MARISCOS EN CONSERVA,False,0.0036
ENDULZANTES,False,0.0032
LEGUMBRES SECAS,True,0.0028
HORTALIZAS EN CONSERVA,False,0.0028
ZAPALLOS ITALIANOS,True,0.0027
BEBIDA ISOTÓNICA Y ENERGIZANTE,False,0.0026
HARINA DE TRIGO,True,0.002
SUSTITUTOS VEGETALES DE CARNE,False,0.0019
BEBIDAS VEGETALES,False,0.0018
PERAS,True,0.0017
CARNES APANADAS,False,0.0014
SAL,False,0.0011
HARINA DE OTROS CEREALES,False,0.001
FRUTAS PRESERVADAS,False,0.0007
