mes,cba_odepa,cba_ministerio,peso_con_odepa,reconstruida,publicada_2024,publicada_2013,diferencia_pct,cubiertos_odepa_sobre_ministerio_pct,var_mensual_odepa,var_mensual_ministerio
2019-01,50759.64,53331.48,60.73,53331.48,,42840.0,-4.82,-7.94,,
2019-02,50689.07,53226.43,60.73,53226.43,,42651.0,-4.77,-7.85,-0.14,-0.2
2019-03,50945.79,53607.31,60.73,53607.31,,43050.0,-4.96,-8.18,0.51,0.72
2019-04,51075.83,53821.64,60.73,53821.64,,43100.0,-5.1,-8.4,0.26,0.4
2019-05,51282.45,53853.33,60.37,53853.33,,42860.0,-4.77,-7.91,0.4,0.06
2019-06,51641.51,54062.73,60.37,54062.73,,43066.0,-4.48,-7.42,0.7,0.39
2019-07,51428.86,54180.63,60.09,54180.63,,42937.0,-5.08,-8.45,-0.41,0.22
2019-08,52380.61,54483.8,60.09,54483.8,,43176.0,-3.86,-6.42,1.85,0.56
2019-09,51880.36,54496.29,60.09,54496.29,,43401.0,-4.8,-7.99,-0.96,0.02
2019-10,52452.87,54901.31,60.09,54901.31,,43807.0,-4.46,-7.42,1.1,0.74
2019-11,53008.32,55447.04,60.09,55447.04,,45093.0,-4.4,-7.32,1.06,0.99
2019-12,52963.77,55280.05,60.44,55280.05,,44518.0,-4.19,-6.93,-0.08,-0.3
2020-01,53563.96,55756.13,60.73,55756.13,,45105.0,-3.93,-6.47,1.13,0.86
2020-02,53757.66,56150.9,60.73,56150.9,,45219.0,-4.26,-7.02,0.36,0.71
2020-03,54825.19,56519.1,60.73,56519.1,,45528.0,-3.0,-4.93,1.99,0.66
2020-04,54947.41,56947.97,60.73,56947.97,,46070.0,-3.51,-5.78,0.22,0.76
2020-05,55762.29,56929.29,60.37,56929.29,,45833.0,-2.05,-3.4,1.48,-0.03
2020-06,55458.7,57076.64,60.37,57076.64,,45674.0,-2.83,-4.7,-0.54,0.26
2020-07,55551.53,57325.89,60.09,57325.89,,46119.0,-3.1,-5.15,0.17,0.44
2020-08,55563.54,57432.18,60.09,57432.18,,46143.0,-3.25,-5.41,0.02,0.19
2020-09,56943.31,58267.33,60.09,58267.33,,47067.0,-2.27,-3.78,2.48,1.45
2020-10,57160.37,58698.51,60.09,58698.51,,47360.0,-2.62,-4.36,0.38,0.74
2020-11,57429.44,58779.95,60.44,58779.95,,47599.0,-2.3,-3.8,0.47,0.14
2020-12,57955.53,58917.22,60.44,58917.22,,47880.0,-1.63,-2.7,0.92,0.23
2021-01,58553.23,59585.71,60.73,59585.71,,48605.0,-1.73,-2.85,1.03,1.13
2021-02,58273.44,59356.53,60.73,59356.53,,48160.0,-1.82,-3.0,-0.48,-0.38
2021-03,58040.71,59196.28,60.73,59196.28,,47691.0,-1.95,-3.21,-0.4,-0.27
2021-04,58410.58,59610.12,60.73,59610.12,,48004.0,-2.01,-3.31,0.64,0.7
2021-05,58354.78,59515.99,60.37,59515.99,,47837.0,-1.95,-3.23,-0.1,-0.16
2021-06,58192.59,59547.36,60.09,59547.36,,47811.0,-2.28,-3.79,-0.28,0.05
2021-07,58751.5,60154.84,60.09,60154.84,,48079.0,-2.33,-3.88,0.96,1.02
2021-08,58818.91,60439.11,60.09,60439.11,,48260.0,-2.68,-4.46,0.11,0.47
2021-09,60143.78,61540.69,60.09,61540.69,,49075.0,-2.27,-3.78,2.25,1.82
2021-10,60424.71,62169.35,60.09,62169.35,,49949.0,-2.81,-4.67,0.47,1.02
2021-11,60907.8,62336.15,60.09,62336.15,,50071.0,-2.29,-3.81,0.8,0.27
2021-12,62255.74,62790.21,60.73,62790.21,,50237.0,-0.85,-1.4,2.21,0.73
2022-01,62923.55,63785.78,60.73,63785.78,,50985.0,-1.35,-2.23,1.07,1.59
2022-02,64145.21,64715.02,60.73,64715.02,,51903.0,-0.88,-1.45,1.94,1.46
2022-03,66697.31,66896.0,60.73,66896.0,,54101.0,-0.3,-0.49,3.98,3.37
2022-04,68666.69,68383.62,60.73,68383.62,,55346.0,0.41,0.68,2.95,2.22
2022-05,70006.57,69603.18,60.37,69603.18,,56095.0,0.58,0.96,1.95,1.78
2022-06,71379.69,70530.63,60.37,70530.63,,56386.0,1.2,1.99,1.96,1.33
2022-07,72152.13,71727.87,60.37,71727.87,,58003.0,0.59,0.98,1.08,1.7
2022-08,73316.05,73094.43,60.09,73094.43,,59063.0,0.3,0.5,1.61,1.91
2022-09,74493.76,74498.33,60.09,74498.33,,60393.0,-0.01,-0.01,1.61,1.92
2022-10,75293.59,75108.25,60.09,75108.25,,61357.0,0.25,0.41,1.07,0.82
2022-11,76377.18,76287.14,60.09,76287.14,,63587.0,0.12,0.2,1.44,1.57
2022-12,76908.09,77063.34,60.44,77063.34,,64407.0,-0.2,-0.33,0.7,1.02
2023-01,78181.69,77848.12,60.73,77848.12,,65046.0,0.43,0.71,1.66,1.02
2023-02,77999.79,77879.65,60.73,77879.65,,64289.0,0.15,0.25,-0.23,0.04
2023-03,78393.74,78238.1,60.73,78238.1,,64384.0,0.2,0.33,0.51,0.46
2023-04,78554.94,78329.15,60.37,78329.15,,64031.0,0.29,0.48,0.21,0.12
2023-05,78362.54,78485.55,60.37,78485.55,,63741.0,-0.16,-0.26,-0.24,0.2
2023-06,78455.95,78779.48,60.37,78779.48,,63768.0,-0.41,-0.68,0.12,0.37
2023-07,79469.55,79607.15,58.72,79607.15,,64719.0,-0.17,-0.29,1.29,1.05
2023-08,80698.94,79894.05,58.43,79894.05,,65370.0,1.01,1.72,1.55,0.36
2023-09,81877.85,80637.29,58.43,80637.29,,67012.0,1.54,2.63,1.46,0.93
2023-10,82557.92,81266.86,58.43,81266.86,,67946.0,1.59,2.72,0.83,0.78
2023-11,83507.1,81948.63,59.08,81948.63,,69286.0,1.9,3.22,1.15,0.84
2023-12,82398.35,81598.73,59.08,81598.73,,68669.0,0.98,1.66,-1.33,-0.43
2024-01,82907.02,82312.11,59.08,82312.11,,69003.0,0.72,1.22,0.62,0.87
2024-02,82426.44,82623.43,59.08,82623.43,,68475.0,-0.24,-0.4,-0.58,0.38
2024-03,82340.41,82156.41,59.08,82156.41,,67254.0,0.22,0.38,-0.1,-0.57
2024-04,82677.25,82753.94,59.08,82753.94,,67489.0,-0.09,-0.16,0.41,0.73
2024-05,82803.03,82891.31,58.72,82891.31,,67281.0,-0.11,-0.18,0.15,0.17
2024-06,83283.32,83857.82,58.72,83857.82,,68367.0,-0.69,-1.17,0.58,1.17
2024-07,83232.99,83979.25,58.72,83979.25,,68567.0,-0.89,-1.51,-0.06,0.14
2024-08,83278.44,84420.64,58.43,84420.64,,68731.0,-1.35,-2.32,0.05,0.53
2024-09,84331.24,84164.93,58.43,84164.93,,68715.0,0.2,0.34,1.26,-0.3
2024-10,85113.27,85739.07,58.43,85739.07,,70364.0,-0.73,-1.25,0.93,1.87
2024-11,84625.42,85663.29,58.79,85663.29,,70286.0,-1.21,-2.06,-0.57,-0.09
2024-12,84418.21,85193.07,59.08,85193.07,,68761.0,-0.91,-1.54,-0.24,-0.55
2025-01,84367.79,85577.13,59.08,85577.13,,69159.0,-1.41,-2.39,-0.06,0.45
2025-02,84723.37,85787.86,58.72,85787.86,,69169.0,-1.24,-2.11,0.42,0.25
2025-03,85229.43,86679.28,58.72,86679.28,,70065.0,-1.67,-2.85,0.6,1.04
2025-04,85450.74,86769.06,58.72,86769.06,,69805.0,-1.52,-2.59,0.26,0.1
2025-05,85503.98,87025.63,58.72,87025.63,,69620.0,-1.75,-2.98,0.06,0.3
2025-06,84896.26,86533.0,58.72,86533.0,,69100.0,-1.89,-3.22,-0.71,-0.57
2025-07,84669.23,87185.73,58.72,87185.73,,69364.0,-2.89,-4.92,-0.27,0.75
2025-08,85423.17,87888.06,58.72,87888.06,,69505.0,-2.8,-4.78,0.89,0.81
2025-09,85944.47,88617.71,58.72,88617.71,,70522.0,-3.02,-5.14,0.61,0.83
2025-10,85232.83,89035.12,58.43,89035.12,,70804.0,-4.27,-7.31,-0.83,0.47
2025-11,85249.32,89333.48,58.43,89333.48,,71017.0,-4.57,-7.82,0.02,0.34
2025-12,85610.6,89232.55,59.08,89232.55,,70857.0,-4.06,-6.87,0.42,-0.11
2026-01,86302.85,89570.0,59.08,89554.26,89570.0,,-3.65,-6.17,0.81,0.38
2026-02,86014.95,89769.0,59.08,89755.19,89769.0,,-4.18,-7.08,-0.33,0.22
2026-03,86828.68,90261.0,59.08,90248.93,90261.0,,-3.8,-6.44,0.95,0.55
2026-04,86918.71,90384.0,59.08,90372.01,90384.0,,-3.83,-6.49,0.1,0.14
2026-05,87043.3,89995.0,58.72,89983.32,89995.0,,-3.28,-5.59,0.14,-0.43
2026-06,87138.67,90658.0,58.72,90649.14,90658.0,,-3.88,-6.61,0.11,0.74
2026-07,87968.34,91220.0,58.72,91206.44,91220.0,,-3.56,-6.07,0.95,0.62
2026-08,89099.51,92327.0,58.72,92314.37,92327.0,,-3.5,-5.95,1.29,1.21
