mes,base,estimada,oficial,ingenuo,promedio_12m,cobertura_mes,productos_odepa,publicacion_ine
2019-01,2018,-0.4865822725557356,-0.3,-0.8,0.2416666666666666,61.119996518371025,100,2019-02-08
2019-02,2018,-0.018880804929977124,-0.3,-0.3,0.10833333333333332,61.119996518371025,104,2019-03-08
2019-03,2018,1.0260654116931,0.8,-0.3,0.13333333333333333,61.119996518371025,104,2019-04-08
2019-04,2018,0.11836087931917927,0.5,0.8,0.18333333333333332,61.119996518371025,102,2019-05-08
2019-05,2018,0.8789195388930526,0.0,0.5,0.19166666666666665,61.119996518371025,101,2019-06-07
2019-06,2018,0.7342683745292344,0.5,0.0,0.21666666666666667,61.119996518371025,99,2019-07-08
2019-07,2018,-0.05387437844299736,0.2,0.5,0.225,61.119996518371025,98,2019-08-08
2019-08,2018,1.8936110395894712,0.7,0.2,0.21666666666666667,61.119996518371025,98,2019-09-06
2019-09,2018,-0.4786995471334654,0.0,0.7,0.2333333333333333,61.119996518371025,98,2019-10-08
2019-10,2018,0.3928571008045667,0.8,0.0,0.19999999999999998,61.119996518371025,97,2019-11-08
2019-11,2018,0.7835315311289115,1.3,0.8,0.20833333333333334,61.119996518371025,99,2019-12-06
2019-12,2018,0.38079638172374697,-0.5,1.3,0.28333333333333327,61.119996518371025,98,2020-01-08
2020-01,2018,0.5586747542996262,1.0,-0.5,0.30833333333333335,61.119996518371025,102,2020-02-07
2020-02,2018,0.47150988216786427,0.7,1.0,0.4166666666666667,61.119996518371025,104,2020-03-06
2020-03,2018,1.90593466796396,0.8,0.7,0.5,61.119996518371025,104,2020-04-08
2020-04,2018,-0.2725941937441356,1.0,0.8,0.5,61.119996518371025,102,2020-05-08
2020-05,2018,1.9390343315843772,0.0,1.0,0.5416666666666666,61.119996518371025,100,2020-06-05
2020-06,2018,-0.19288361637754825,0.3,0.0,0.5416666666666666,61.119996518371025,97,2020-07-08
2020-07,2018,0.9402593430408501,0.6,0.3,0.525,61.119996518371025,97,2020-08-07
2020-08,2018,0.3161098865542389,0.2,0.6,0.5583333333333332,61.119996518371025,97,2020-09-08
2020-09,2018,1.9058901134357598,1.8,0.2,0.5166666666666666,61.119996518371025,99,2020-10-08
2020-10,2018,-0.2477591956000169,0.6,1.8,0.6666666666666666,61.119996518371025,99,2020-11-06
2020-11,2018,0.08723574389000177,0.2,0.6,0.6499999999999999,61.119996518371025,98,2020-12-07
2020-12,2018,0.4435296637624653,0.2,0.2,0.5583333333333332,61.119996518371025,101,2021-01-08
2021-01,2018,0.37721510956270077,1.2,0.2,0.6166666666666666,61.119996518371025,104,2021-02-08
2021-02,2018,0.32334815551644525,-0.5,1.2,0.6333333333333334,61.119996518371025,105,2021-03-08
2021-03,2018,-0.28167738118192176,-0.4,-0.5,0.5333333333333334,61.119996518371025,103,2021-04-08
2021-04,2018,0.11071167674012727,0.8,-0.4,0.4333333333333333,61.119996518371025,103,2021-05-07
2021-05,2018,0.750400785364902,-0.2,0.8,0.4166666666666666,61.119996518371025,96,2021-06-08
2021-06,2018,-0.21000548859073653,0.0,-0.2,0.3999999999999999,61.119996518371025,96,2021-07-08
2021-07,2018,0.582643787023529,1.0,0.0,0.37500000000000006,61.119996518371025,98,2021-08-06
2021-08,2018,1.1976318335355174,0.1,1.0,0.40833333333333327,61.119996518371025,98,2021-09-08
2021-09,2018,0.894324308735639,2.1,0.1,0.3999999999999999,61.119996518371025,98,2021-10-08
2021-10,2018,0.4329048580706818,0.7,2.1,0.42500000000000004,61.119996518371025,98,2021-11-08
2021-11,2018,0.3323172958603404,0.1,0.7,0.43333333333333335,61.119996518371025,98,2021-12-07
2021-12,2018,1.2832288934315539,0.5,0.1,0.42500000000000004,61.119996518371025,100,2022-01-07
2022-01,2018,0.786040210365635,1.6,0.5,0.44999999999999996,61.119996518371025,104,2022-02-08
2022-02,2018,2.0345599626170108,1.8,1.6,0.4833333333333334,61.119996518371025,103,2022-03-08
2022-03,2018,3.0182890449734545,3.9,1.8,0.6749999999999999,61.119996518371025,103,2022-04-08
2022-04,2018,3.2498408765408993,2.3,3.9,1.0333333333333334,61.119996518371025,99,2022-05-06
2022-05,2018,2.171216523402597,1.8,2.3,1.1583333333333332,61.119996518371025,98,2022-06-08
2022-06,2018,2.534264948769138,1.2,1.8,1.325,61.119996518371025,96,2022-07-08
2022-07,2018,1.5230015510439454,1.9,1.2,1.425,61.119996518371025,97,2022-08-08
2022-08,2018,2.2141418714635153,2.0,1.9,1.5,61.119996518371025,97,2022-09-08
2022-09,2018,1.1286048326011322,2.3,2.0,1.6583333333333332,61.119996518371025,99,2022-10-07
2022-10,2018,1.450717562492465,0.8,2.3,1.675,61.119996518371025,99,2022-11-08
2022-11,2018,1.2851248444424757,1.7,0.8,1.6833333333333336,61.119996518371025,98,2022-12-07
2022-12,2018,0.426967839869441,1.1,1.7,1.8166666666666667,61.119996518371025,100,2023-01-06
2023-01,2018,1.602174617426666,1.0,1.1,1.866666666666667,61.119996518371025,107,2023-02-08
2023-02,2018,-0.15050278505817083,-0.3,1.0,1.8166666666666667,61.119996518371025,104,2023-03-08
2023-03,2018,0.5378969027938219,0.4,-0.3,1.6416666666666666,61.119996518371025,104,2023-04-06
2023-04,2018,0.45221222688587304,0.0,0.4,1.3499999999999999,61.119996518371025,100,2023-05-08
2023-05,2018,0.4422980260398779,0.0,0.0,1.1583333333333334,61.119996518371025,101,2023-06-08
2023-06,2018,0.09848910485430462,0.3,0.0,1.0083333333333333,61.119996518371025,101,2023-07-07
2023-07,2018,0.2983409820290328,1.2,0.3,0.9333333333333335,57.6563974155122,97,2023-08-08
2023-08,2018,0.9339923244366499,0.3,1.2,0.875,61.119996518371025,99,2023-09-08
2023-09,2018,0.740807757816464,1.0,0.3,0.7333333333333334,61.119996518371025,100,2023-10-06
2023-10,2018,0.4860475533329689,0.9,1.0,0.6249999999999999,61.119996518371025,100,2023-11-08
2023-11,2018,0.68098361577551,1.0,0.9,0.6333333333333334,61.119996518371025,103,2023-12-07
2023-12,2018,-0.9176304550625458,-0.8,1.0,0.5750000000000001,61.119996518371025,109,2024-01-08
2024-01,2023,0.5325633856172685,1.0,-0.8,0.41666666666666674,58.22083031650105,110,2024-02-08
2024-02,2023,0.4821857869230728,0.2,1.0,0.4166666666666667,58.22083031650105,106,2024-03-08
2024-03,2023,0.9091357985098858,-0.9,0.2,0.4583333333333333,58.22083031650105,105,2024-04-08
2024-04,2023,-0.2429673095640128,0.7,-0.9,0.35000000000000003,58.22083031650105,105,2024-05-08
2024-05,2023,0.9532728482363861,0.1,0.7,0.40833333333333327,58.22083031650105,101,2024-06-07
2024-06,2023,0.27771798913640566,1.3,0.1,0.4166666666666666,58.22083031650105,100,2024-07-08
2024-07,2023,1.0332221695641408,0.1,1.3,0.49999999999999994,58.22083031650105,99,2024-08-08
2024-08,2023,0.33418819752124573,0.5,0.1,0.4083333333333334,58.22083031650105,98,2024-09-06
2024-09,2023,0.8678800748541438,-0.5,0.5,0.425,58.22083031650105,98,2024-10-08
2024-10,2023,-1.160117523377413,2.2,-0.5,0.3,58.22083031650105,99,2024-11-08
2024-11,2023,0.4665010700680927,-0.3,2.2,0.4083333333333334,58.22083031650105,101,2024-12-06
2024-12,2023,-0.09553256051542114,-0.9,-0.3,0.30000000000000004,58.22083031650105,105,2025-01-08
2025-01,2023,0.12035616723484743,0.4,-0.9,0.2916666666666667,58.525252014581895,104,2025-02-07
2025-02,2023,0.5139790190352489,0.1,0.4,0.2416666666666667,58.525252014581895,105,2025-03-07
2025-03,2023,0.8440718041667461,1.2,0.1,0.2333333333333334,58.525252014581895,104,2025-04-08
2025-04,2023,0.6061086124080628,0.0,1.2,0.4083333333333334,58.525252014581895,103,2025-05-08
2025-05,2023,0.13635880406155376,0.3,0.0,0.35000000000000003,58.525252014581895,102,2025-06-06
2025-06,2023,0.6733554624311022,-0.9,0.3,0.3666666666666667,58.525252014581895,101,2025-07-08
2025-07,2023,-0.007906159704929028,0.9,-0.9,0.18333333333333335,58.525252014581895,101,2025-08-08
2025-08,2023,1.273587998968928,0.9,0.9,0.25,58.525252014581895,100,2025-09-08
2025-09,2023,1.0678923092989123,0.8,0.9,0.2833333333333333,58.525252014581895,100,2025-10-08
2025-10,2023,-0.6560361357997313,0.5,0.8,0.39166666666666666,58.525252014581895,98,2025-11-07
2025-11,2023,0.04426271379529556,0.2,0.5,0.25,58.525252014581895,102,2025-12-05
2025-12,2023,-0.33528187264824094,-0.4,0.2,0.2916666666666667,58.525252014581895,104,2026-01-08
2026-01,2023,0.6107650771503659,0.4,-0.4,0.3333333333333333,58.525252014581895,104,2026-02-06
2026-02,2023,-0.31048006311034104,0.2,0.4,0.3333333333333333,58.525252014581895,102,2026-03-06
2026-03,2023,1.3225250086984497,0.6,0.2,0.34166666666666673,58.525252014581895,101,2026-04-08
2026-04,2023,0.1806086023000253,0.0,0.6,0.2916666666666667,58.525252014581895,99,2026-05-08
2026-05,2023,0.1777114034811067,-0.8,0.0,0.2916666666666667,58.525252014581895,98,2026-06-08
2026-06,2023,-0.6105923349286946,0.8,-0.8,0.20000000000000004,58.525252014581895,98,2026-07-08
2026-07,2023,1.3095257002315508,0.7,0.8,0.3416666666666666,58.525252014581895,99,2026-08-07
2026-08,2023,1.3085362979266657,1.4,0.7,0.325,58.525252014581895,99,2026-09-08
