producto,semanas,periodo,meses,eam_estimacion,eam_ingenuo,eam_promedio_12m,mejor_comparador,eam_mejor,p_dm,gana_error,aciertos_dir,aciertos_siempre_sube,gana_direccion,pasa,pasa_bonferroni
IPC V0 regla principal,1 semana,desarrollo,60,0.53,0.73,0.6633,promedio_12m,0.6633,0.17,False,44,46,False,False,False
IPC V0 regla principal,1 semana,prueba,32,0.7562,0.9125,0.5812,promedio_12m,0.5812,0.0999,False,17,23,False,False,False
IPC V1 AR(1),1 semana,desarrollo,60,0.5683,0.73,0.6633,promedio_12m,0.6633,0.3064,False,42,46,False,False,False
IPC V1 AR(1),1 semana,prueba,32,0.6969,0.9125,0.5812,promedio_12m,0.5812,0.2315,False,18,23,False,False,False
IPC V2 promedio de 12 meses,1 semana,desarrollo,60,0.5367,0.73,0.6633,promedio_12m,0.6633,0.1785,False,43,46,False,False,False
IPC V2 promedio de 12 meses,1 semana,prueba,32,0.6719,0.9125,0.5812,promedio_12m,0.5812,0.3516,False,18,23,False,False,False
IPC V3 combinación,1 semana,desarrollo,60,0.47,0.73,0.6633,promedio_12m,0.6633,0.0062,True,45,46,False,False,False
IPC V3 combinación,1 semana,prueba,32,0.6437,0.9125,0.5812,promedio_12m,0.5812,0.4157,False,19,23,False,False,False
Canasta anclada,1 semana,desarrollo,60,0.495,0.57,0.5433,promedio_12m,0.5433,0.54,False,45,50,False,False,False
Canasta anclada,1 semana,prueba,32,0.6188,0.7062,0.4438,promedio_12m,0.4438,0.0888,False,19,25,False,False,False
IPC V0 regla principal,2 semanas,desarrollo,60,0.57,0.73,0.6633,promedio_12m,0.6633,0.3925,False,43,46,False,False,False
IPC V0 regla principal,2 semanas,prueba,32,0.7344,0.9125,0.5812,promedio_12m,0.5812,0.0885,False,17,23,False,False,False
IPC V1 AR(1),2 semanas,desarrollo,60,0.59,0.73,0.6633,promedio_12m,0.6633,0.4737,False,42,46,False,False,False
IPC V1 AR(1),2 semanas,prueba,32,0.6656,0.9125,0.5812,promedio_12m,0.5812,0.2751,False,16,23,False,False,False
IPC V2 promedio de 12 meses,2 semanas,desarrollo,60,0.5733,0.73,0.6633,promedio_12m,0.6633,0.3846,False,43,46,False,False,False
IPC V2 promedio de 12 meses,2 semanas,prueba,32,0.6562,0.9125,0.5812,promedio_12m,0.5812,0.3501,False,17,23,False,False,False
IPC V3 combinación,2 semanas,desarrollo,60,0.4933,0.73,0.6633,promedio_12m,0.6633,0.0098,True,45,46,False,False,False
IPC V3 combinación,2 semanas,prueba,32,0.5969,0.9125,0.5812,promedio_12m,0.5812,0.7949,False,20,23,False,False,False
Canasta anclada,2 semanas,desarrollo,60,0.5017,0.57,0.5433,promedio_12m,0.5433,0.6684,False,50,50,False,False,False
Canasta anclada,2 semanas,prueba,32,0.5562,0.7062,0.4438,promedio_12m,0.4438,0.1599,False,17,25,False,False,False
IPC V0 regla principal,3 semanas,desarrollo,60,0.5567,0.73,0.6633,promedio_12m,0.6633,0.2749,False,43,46,False,False,False
IPC V0 regla principal,3 semanas,prueba,32,0.8,0.9125,0.5812,promedio_12m,0.5812,0.0424,False,18,23,False,False,False
IPC V1 AR(1),3 semanas,desarrollo,60,0.5567,0.73,0.6633,promedio_12m,0.6633,0.2384,False,41,46,False,False,False
IPC V1 AR(1),3 semanas,prueba,32,0.6781,0.9125,0.5812,promedio_12m,0.5812,0.298,False,19,23,False,False,False
IPC V2 promedio de 12 meses,3 semanas,desarrollo,60,0.5383,0.73,0.6633,promedio_12m,0.6633,0.1724,False,41,46,False,False,False
IPC V2 promedio de 12 meses,3 semanas,prueba,32,0.6719,0.9125,0.5812,promedio_12m,0.5812,0.3495,False,19,23,False,False,False
IPC V3 combinación,3 semanas,desarrollo,60,0.4883,0.73,0.6633,promedio_12m,0.6633,0.0109,True,47,46,True,True,False
IPC V3 combinación,3 semanas,prueba,32,0.6469,0.9125,0.5812,promedio_12m,0.5812,0.3714,False,19,23,False,False,False
Canasta anclada,3 semanas,desarrollo,60,0.4667,0.57,0.5433,promedio_12m,0.5433,0.3893,False,50,50,False,False,False
Canasta anclada,3 semanas,prueba,32,0.6,0.7062,0.4438,promedio_12m,0.4438,0.1102,False,19,25,False,False,False
IPC V0 regla principal,mes completo,desarrollo,60,0.5417,0.73,0.6633,promedio_12m,0.6633,0.2003,False,47,46,True,False,False
IPC V0 regla principal,mes completo,prueba,32,0.7656,0.9125,0.5812,promedio_12m,0.5812,0.0418,False,17,23,False,False,False
IPC V1 AR(1),mes completo,desarrollo,60,0.53,0.73,0.6633,promedio_12m,0.6633,0.1193,False,43,46,False,False,False
IPC V1 AR(1),mes completo,prueba,32,0.6,0.9125,0.5812,promedio_12m,0.5812,0.7794,False,20,23,False,False,False
IPC V2 promedio de 12 meses,mes completo,desarrollo,60,0.51,0.73,0.6633,promedio_12m,0.6633,0.0799,False,46,46,False,False,False
IPC V2 promedio de 12 meses,mes completo,prueba,32,0.6156,0.9125,0.5812,promedio_12m,0.5812,0.6293,False,19,23,False,False,False
IPC V3 combinación,mes completo,desarrollo,60,0.51,0.73,0.6633,promedio_12m,0.6633,0.0233,True,46,46,False,False,False
IPC V3 combinación,mes completo,prueba,32,0.6562,0.9125,0.5812,promedio_12m,0.5812,0.2348,False,19,23,False,False,False
Canasta anclada,mes completo,desarrollo,60,0.4317,0.57,0.5433,promedio_12m,0.5433,0.1795,False,50,50,False,False,False
Canasta anclada,mes completo,prueba,32,0.5219,0.7062,0.4438,promedio_12m,0.4438,0.2831,False,21,25,False,False,False
