periodo,meses,eam_estimacion,eam_ingenuo,acierto_dir_estimacion,acierto_dir_ingenuo,meses_mejor_que_ingenuo,eam_promedio_12m,acierto_dir_promedio_12m,acierto_dir_siempre_sube,p_dm_ingenuo,p_dm_promedio_12m
2019,12.0,0.467,0.625,58.333,50.0,50.0,0.467,58.333,58.333,,
2020,12.0,0.55,0.608,66.667,75.0,50.0,0.433,91.667,91.667,,
2021,12.0,0.5,0.958,66.667,58.333,75.0,0.608,66.667,66.667,,
2022,12.0,0.492,0.85,100.0,100.0,66.667,0.908,100.0,100.0,,
2023,12.0,0.458,0.608,75.0,58.333,41.667,0.892,66.667,66.667,,
2024,12.0,0.833,1.292,66.667,50.0,66.667,0.742,66.667,66.667,,
2025,12.0,0.408,0.708,66.667,50.0,50.0,0.475,75.0,75.0,,
2026,8.0,0.612,0.65,50.0,50.0,50.0,0.5,75.0,75.0,,
total,92.0,0.537,0.793,69.565,61.957,56.522,0.634,75.0,75.0,0.0,0.107
